,artist,artist_pop,artist_id,song,song_pop,song_id,danceability,energy,key,loudness,mode,speechiness,acousticness,instrumentalness,liveness,valence,tempo,duration_ms,time_signature
0,El Alfa,83,2oQX8QiMXOyuqbcZEFsZfm,Que Calor (feat. J Balvin & El Alfa),78,1RKZvaLj3UPhGjZkaIrFm7,0.795,0.885,8,-4.13,1,0.0713,0.0375,0.006379999999999999,0.292,0.46,126.037,169998,4
1,El Alfa,83,2oQX8QiMXOyuqbcZEFsZfm,Coronao Now,80,7FbKipScVxkjQxQXwTd0gL,0.941,0.7290000000000001,6,-7.56,0,0.24600000000000002,0.146,0.00451,0.18,0.718,118.02600000000001,217881,4
2,El Alfa,83,2oQX8QiMXOyuqbcZEFsZfm,La Romana,79,1khmgu0pveJbkbpbkyvcQv,0.655,0.725,0,-5.497000000000001,1,0.188,0.0327,0.00264,0.0611,0.326,125.8,300579,4
3,El Alfa,83,2oQX8QiMXOyuqbcZEFsZfm,badwine - Extended Remix,68,44DCGBt8P6iZPd0RRsZiMw,0.7659999999999999,0.763,1,-5.702000000000001,1,0.205,0.376,0.000176,0.1,0.732,186.00400000000002,248160,4
4,El Alfa,83,2oQX8QiMXOyuqbcZEFsZfm,Dembow y Reggaeton,65,0BvhrGwe5MtFFf9gMIeWbp,0.898,0.89,5,-2.155,1,0.0599,0.38,0.0622,0.171,0.672,117.064,249744,4
5,El Alfa,83,2oQX8QiMXOyuqbcZEFsZfm,Imagínate,67,0a41S6Hf3njfUbQTZyxWDq,0.568,0.846,0,-3.7939999999999996,1,0.27,0.17300000000000001,1.61e-06,0.136,0.568,149.07,317000,5
6,El Alfa,83,2oQX8QiMXOyuqbcZEFsZfm,Suave (Remix),67,4phvdPGXE8MGXsTBhqB5ht,0.875,0.909,9,-3.5580000000000003,1,0.076,0.14,0.00185,0.0616,0.524,119.999,305526,4
7,El Alfa,83,2oQX8QiMXOyuqbcZEFsZfm,Pa Jamaica (Remix),57,2joDqfk2o1beVXlyaX2NoZ,0.857,0.981,11,-1.9680000000000002,0,0.0519,0.18899999999999997,0.00164,0.6920000000000001,0.91,116.994,304872,4
8,El Alfa,83,2oQX8QiMXOyuqbcZEFsZfm,Me da Lo Mismo,53,2qcMnJuHT2fJgGopinP3zL,0.8240000000000001,0.85,0,-3.614,0,0.0521,0.0442,2.53e-06,0.111,0.769,96.005,225000,4
9,El Alfa,83,2oQX8QiMXOyuqbcZEFsZfm,Mueve la Cadera,65,5uAe6AXcN2SEOcOAy0Txkh,0.946,0.9079999999999999,7,-6.233,1,0.0826,0.113,0.17300000000000001,0.544,0.449,119.96799999999999,195250,4
10,El Mayor Clasico,53,5sZ0LIk7BJLJquEUUt5rJj,Electricidad,50,7iF7wJCFOIQOqghP7r94fe,0.86,0.835,9,-2.536,1,0.215,0.0441,1.69e-06,0.0831,0.34600000000000003,125.167,192913,4
11,El Mayor Clasico,53,5sZ0LIk7BJLJquEUUt5rJj,Prendi,47,38FFVJJUFMn0D5jS2H32FH,0.8340000000000001,0.925,6,-1.7830000000000001,0,0.0707,0.5529999999999999,0.0152,0.23399999999999999,0.7979999999999999,117.98700000000001,205893,4
12,El Mayor Clasico,53,5sZ0LIk7BJLJquEUUt5rJj,Cuando Yo Era Chiquito,46,1UyXp5HSKNrSI55lm55gZ1,0.872,0.868,11,-5.207999999999999,1,0.0638,0.0193,4.87e-06,0.0707,0.7140000000000001,111.928,204893,4
13,El Mayor Clasico,53,5sZ0LIk7BJLJquEUUt5rJj,Versace - Remix,39,4y4SfmkcTnFYClU3xhXgrD,0.865,0.94,2,-0.479,1,0.153,0.105,1.85e-06,0.5529999999999999,0.616,100.031,359075,4
14,El Mayor Clasico,53,5sZ0LIk7BJLJquEUUt5rJj,En Colale,31,2z3D2gLbtXPkyLz2cdkFFd,0.807,0.9470000000000001,11,-1.232,0,0.292,0.239,1.57e-06,0.10300000000000001,0.601,118.084,197320,4
15,El Mayor Clasico,53,5sZ0LIk7BJLJquEUUt5rJj,Abanico,38,71pehRVEU19NHe07v0ZM7C,0.821,0.9359999999999999,6,-3.1630000000000003,1,0.0893,0.11900000000000001,1.17e-06,0.299,0.836,119.964,197511,4
16,El Mayor Clasico,53,5sZ0LIk7BJLJquEUUt5rJj,Correazo,38,4umcAU9DuUctlImkcPATuB,0.91,0.934,6,-3.532,1,0.0572,0.0875,0.0545,0.0717,0.903,111.99600000000001,251349,4
17,El Mayor Clasico,53,5sZ0LIk7BJLJquEUUt5rJj,Cachonda,37,3sGY8FbKKOs222Bvi7Vyv4,0.774,0.885,7,-3.7760000000000002,1,0.0791,0.062,4.82e-06,0.0592,0.927,164.128,187196,4
18,El Mayor Clasico,53,5sZ0LIk7BJLJquEUUt5rJj,Los Niños Malos,28,3qwYgeqpDEsQdHgCpDqYty,0.7909999999999999,0.882,10,-3.139,0,0.063,0.138,6.64e-06,0.594,0.527,120.10700000000001,183040,4
19,El Mayor Clasico,53,5sZ0LIk7BJLJquEUUt5rJj,Vibrador,32,5FUe8JnbAljSJ48IrRXdvJ,0.685,0.883,7,-3.533,1,0.213,0.19899999999999998,0.0,0.419,0.34,124.545,183959,4
20,Lapiz Conciente,57,0UTsdD7VIsEB9i7a6DDx5t,Limonada Coco - Remix,53,69I3KzUSur7pT3p8z7jhk5,0.894,0.723,11,-5.61,0,0.0917,0.24600000000000002,0.00475,0.15,0.48700000000000004,116.00299999999999,216816,4
21,Lapiz Conciente,57,0UTsdD7VIsEB9i7a6DDx5t,Bum Bam Ven - Remix,52,41ezMG36bvrbJaJpvlbDFf,0.9129999999999999,0.86,1,-1.383,1,0.131,0.25,0.000226,0.261,0.736,120.022,230000,4
22,Lapiz Conciente,57,0UTsdD7VIsEB9i7a6DDx5t,Solo Te Veo - Remix,47,7rTsnvxE2Del41TkzwAlbf,0.882,0.8140000000000001,0,-5.471,0,0.0849,0.0429,0.0006730000000000001,0.435,0.855,122.962,239394,4
23,Lapiz Conciente,57,0UTsdD7VIsEB9i7a6DDx5t,Cabecea,45,5WvRLpBKheIwhUbVTVlUz6,0.5920000000000001,0.7859999999999999,10,-4.471,0,0.39,0.445,0.0,0.111,0.72,175.24599999999998,289728,4
24,Lapiz Conciente,57,0UTsdD7VIsEB9i7a6DDx5t,No Lo Vendo - Remix,44,5ldrlXHvzAb1oBgbQJa4bk,0.8009999999999999,0.785,6,-3.895,1,0.34299999999999997,0.267,0.0,0.0647,0.902,97.82799999999999,279184,4
25,Lapiz Conciente,57,0UTsdD7VIsEB9i7a6DDx5t,Fufu Papa,44,3m7vxaQ2h9z94Rq4OjVift,0.8690000000000001,0.919,8,-2.417,1,0.223,0.221,0.000354,0.22,0.5489999999999999,123.99700000000001,212903,4
26,Lapiz Conciente,57,0UTsdD7VIsEB9i7a6DDx5t,Idioma Raro,42,4wef3k6kgDG8tkkvjebJip,0.8340000000000001,0.595,1,-2.721,1,0.313,0.106,0.0,0.24,0.466,104.906,212911,4
27,Lapiz Conciente,57,0UTsdD7VIsEB9i7a6DDx5t,Cuchicheo,40,6HpPSy0xVGAmS4xHtG4L4j,0.937,0.7979999999999999,7,-2.573,1,0.29100000000000004,0.006370000000000001,0.000587,0.11900000000000001,0.183,124.00399999999999,208927,4
28,Lapiz Conciente,57,0UTsdD7VIsEB9i7a6DDx5t,Mueveme Ese Culo (feat. Breyco En Producidera),39,4Sl2yHC6YUu4yOhHSooSkD,0.867,0.754,11,-3.1430000000000002,1,0.365,0.203,0.0,0.0408,0.5820000000000001,108.006,196153,4
29,Lapiz Conciente,57,0UTsdD7VIsEB9i7a6DDx5t,Yo No Te Quiero Perder,39,3yaNgCPIMrJ1SNBlt6mewz,0.541,0.8240000000000001,6,-4.7589999999999995,1,0.5670000000000001,0.6809999999999999,0.0,0.207,0.735,77.154,274887,4
30,Amenazzy,73,6kq4GHwUcUojGIu0ziSNXf,Baby,75,2IA8cFA46DkjgbsRG7kKbp,0.7,0.71,11,-4.835,1,0.0532,0.327,0.0,0.129,0.5820000000000001,167.97099999999998,235973,4
31,Amenazzy,73,6kq4GHwUcUojGIu0ziSNXf,Desierto,74,4NLcgBskZkUYgpAVQF0sNI,0.7340000000000001,0.583,11,-11.764000000000001,0,0.0414,0.0867,0.259,0.0979,0.14400000000000002,105.01299999999999,224698,4
32,Amenazzy,73,6kq4GHwUcUojGIu0ziSNXf,Solo,70,6kTMnty169llVx9sGHb6LD,0.637,0.513,11,-6.846,0,0.28300000000000003,0.3,0.000571,0.0981,0.27,196.088,231909,4
33,Amenazzy,73,6kq4GHwUcUojGIu0ziSNXf,No Tenemos Nada,68,6UGc9l0tpk1xSx9KV2fOVf,0.5760000000000001,0.8059999999999999,8,-4.678,1,0.147,0.5820000000000001,1.85e-06,0.0758,0.924,126.495,204277,5
34,Amenazzy,73,6kq4GHwUcUojGIu0ziSNXf,Dios Bendiga (Remix),65,4S8wmEZy12C5UJUU0IQUee,0.76,0.838,6,-4.3469999999999995,0,0.051,0.39,0.0,0.166,0.863,159.938,241504,4
35,Amenazzy,73,6kq4GHwUcUojGIu0ziSNXf,Champagne Rose,63,2YfOp1cJeaPwJCKe0gjo7y,0.654,0.733,9,-4.127,1,0.0705,0.59,3.48e-06,0.0751,0.45,140.005,281653,4
36,Amenazzy,73,6kq4GHwUcUojGIu0ziSNXf,Nadie Muere De Amor,62,1PeolWTkf6eq3K3qMXTkkN,0.691,0.835,6,-4.495,0,0.0747,0.0412,0.000197,0.41100000000000003,0.67,169.975,242000,4
37,Amenazzy,73,6kq4GHwUcUojGIu0ziSNXf,Solo - Remix,55,3He16IbDCweYwKPIa9jbNS,0.748,0.532,2,-7.157,1,0.132,0.389,0.0,0.06,0.369,98.038,245987,4
38,Amenazzy,73,6kq4GHwUcUojGIu0ziSNXf,Nadie Como Tu,58,14Q3OrXMvSTCJvqeSNXovU,0.6940000000000001,0.8420000000000001,2,-4.91,1,0.0624,0.147,1.05e-06,0.261,0.753,105.02,177328,4
39,Amenazzy,73,6kq4GHwUcUojGIu0ziSNXf,Imaginándote Oe Oa,36,3weZ9EdNe4qXlK4A23PxBH,0.746,0.733,0,-5.336,1,0.0391,0.0497,3.46e-05,0.0387,0.56,97.03399999999999,175670,4
40,Vakero,42,5rlwbF5flU2JCmAzV5Obu0,No Me Controles,36,0xqs2fssv31FOsKQjO5EhF,0.8690000000000001,0.846,7,-8.993,1,0.0556,0.474,0.0,0.0775,0.963,129.97,206191,4
41,Vakero,42,5rlwbF5flU2JCmAzV5Obu0,Te Quiero,36,0wiR7y1blI3vmrwvhLkYsx,0.736,0.623,0,-7.59,1,0.0467,0.047,1.07e-06,0.106,0.642,149.98,259587,4
42,Vakero,42,5rlwbF5flU2JCmAzV5Obu0,Tu Pai,35,3CceXZxUn3u2E1kyJvN5fb,0.7490000000000001,0.818,3,-3.219,0,0.0467,0.183,4.6200000000000005e-05,0.0479,0.8270000000000001,97.978,150649,4
43,Vakero,42,5rlwbF5flU2JCmAzV5Obu0,Capea el Dough 2k14,35,7kIP60tCZ6XlAtSbJjGlhU,0.735,0.78,0,-6.154,1,0.381,0.337,0.0,0.349,0.826,98.057,707595,4
44,Vakero,42,5rlwbF5flU2JCmAzV5Obu0,Capea El Dough 2k17,33,3SOY1DKorxsNPreFiuPwZ1,0.769,0.86,0,-3.341,1,0.375,0.345,0.0,0.65,0.833,98.044,370338,4
45,Vakero,42,5rlwbF5flU2JCmAzV5Obu0,Los Zapatos,29,2QebSAWmxv8gw0BvOqQPFv,0.659,0.87,5,-3.937,0,0.0287,0.0313,0.0,0.109,0.619,145.95600000000002,187427,4
46,Vakero,42,5rlwbF5flU2JCmAzV5Obu0,Que Mujer Tan Chula,29,0JNO59NigOfHWQQAClzAEs,0.767,0.7020000000000001,11,-5.3629999999999995,0,0.0372,0.0165,0.0,0.0616,0.983,115.962,210963,4
47,Vakero,42,5rlwbF5flU2JCmAzV5Obu0,Se Partio el Lapiz,28,1VAJTs96cC8332LtN3i5vA,0.6779999999999999,0.872,7,-4.908,1,0.264,0.0378,0.0,0.145,0.9520000000000001,95.061,259533,4
48,Vakero,42,5rlwbF5flU2JCmAzV5Obu0,Una Vaina Loca (Remix),26,1r1JsyDxWgMo9jE3dJcirm,0.805,0.848,1,-5.849,1,0.0474,0.0342,2.43e-06,0.316,0.584,117.01,294827,4
49,Vakero,42,5rlwbF5flU2JCmAzV5Obu0,Demasiado,26,3Rych4r0vBVbsqkR2kkKEi,0.7240000000000001,0.912,4,-2.6639999999999997,0,0.0432,0.19,0.000281,0.312,0.955,127.969,229320,4
50,La Materialista,46,4FMqE1IWlhufYw1x2zlKG6,La Chapa Que Vibran - Remix,52,6fmVrh7XQ0KD69AOufNMUL,0.8690000000000001,0.805,1,-6.757000000000001,1,0.11599999999999999,0.00496,0.0,0.0291,0.762,128.08700000000002,203493,4
51,La Materialista,46,4FMqE1IWlhufYw1x2zlKG6,La Chapa Que Vibran,45,6cFckWKvl4IrBmRZI995kG,0.665,0.924,1,-2.577,1,0.198,0.319,1.52e-05,0.0938,0.6679999999999999,126.485,215301,4
52,La Materialista,46,4FMqE1IWlhufYw1x2zlKG6,Machucando,41,6R8PlLgNFv8WysXspoTmTR,0.887,0.792,6,-1.775,0,0.304,0.163,3.31e-06,0.0787,0.506,90.738,234453,3
53,La Materialista,46,4FMqE1IWlhufYw1x2zlKG6,Como Me Lo Hace,41,5nUJPQreW88E30aHM2HHm7,0.6559999999999999,0.716,5,-3.9589999999999996,0,0.495,0.10400000000000001,6.77e-06,0.0824,0.606,185.85,200652,4
54,La Materialista,46,4FMqE1IWlhufYw1x2zlKG6,Taka Taka,39,0LlWBlBmg2OOibYOnF9Dm0,0.865,0.914,2,-3.81,1,0.0459,0.26899999999999996,0.000462,0.174,0.706,115.015,152660,4
55,La Materialista,46,4FMqE1IWlhufYw1x2zlKG6,Te Lo Compre,36,5lhPjPAJ2eETbkSBziCRWs,0.816,0.917,8,-3.28,0,0.0503,0.0567,5.539999999999999e-05,0.885,0.9640000000000001,122.01700000000001,200725,4
56,La Materialista,46,4FMqE1IWlhufYw1x2zlKG6,Click Clock,33,3hDD5EhhH9bxXEEuwsyQT8,0.86,0.8009999999999999,7,-4.758,1,0.183,0.0189,0.0109,0.344,0.45399999999999996,109.039,171442,4
57,La Materialista,46,4FMqE1IWlhufYw1x2zlKG6,Nunca Maniqui,29,0PHsVUWTCuSy3t8r4sm4OV,0.8390000000000001,0.77,3,-3.696,0,0.107,0.262,2.4100000000000003e-05,0.355,0.44,135.023,225816,4
58,La Materialista,46,4FMqE1IWlhufYw1x2zlKG6,Dominicana,29,07BugovfF5V3Bd2nsDxmVa,0.851,0.718,0,-6.74,0,0.225,0.193,0.00112,0.0713,0.642,104.921,172385,4
59,La Materialista,46,4FMqE1IWlhufYw1x2zlKG6,Tu Quiere Chapiame - Tuquierechapiame,25,5Uks6VIHmWLNoamsvD9Fuh,0.9359999999999999,0.701,5,-8.945,0,0.114,0.0309,8.73e-06,0.344,0.963,119.905,152526,4
60,Musicologo The Libro,56,0lIw3RIPiAC50dWNjJXe2Q,En Filita Cooperando - Remix,58,5hG3xtRax4lX4gUTbK1UkP,0.6559999999999999,0.9390000000000001,10,-0.762,0,0.253,0.444,0.0481,0.0469,0.912,122.385,251613,4
61,Musicologo The Libro,56,0lIw3RIPiAC50dWNjJXe2Q,Limonada Coco - Remix,53,69I3KzUSur7pT3p8z7jhk5,0.894,0.723,11,-5.61,0,0.0917,0.24600000000000002,0.00475,0.15,0.48700000000000004,116.00299999999999,216816,4
62,Musicologo The Libro,56,0lIw3RIPiAC50dWNjJXe2Q,Flow Pesao - Remix,52,2ecaPx5QDfsxGUThU6rHUZ,0.679,0.838,7,-3.616,1,0.23600000000000002,0.441,0.0032,0.139,0.649,115.029,275391,4
63,Musicologo The Libro,56,0lIw3RIPiAC50dWNjJXe2Q,Bum Bam Ven - Remix,52,41ezMG36bvrbJaJpvlbDFf,0.9129999999999999,0.86,1,-1.383,1,0.131,0.25,0.000226,0.261,0.736,120.022,230000,4
64,Musicologo The Libro,56,0lIw3RIPiAC50dWNjJXe2Q,En Filita Cooperando,47,39BWAAsvNEM87UsDsL1DM5,0.5589999999999999,0.895,10,-2.26,0,0.43700000000000006,0.35600000000000004,0.0864,0.375,0.914,185.805,164516,3
65,Musicologo The Libro,56,0lIw3RIPiAC50dWNjJXe2Q,De Naranja,47,3C7ErK9zTcj1rpXhyH4eBG,0.691,0.871,1,-3.055,1,0.19899999999999998,0.105,0.057,0.273,0.804,230.0,229565,4
66,Musicologo The Libro,56,0lIw3RIPiAC50dWNjJXe2Q,No Lo Vendo - Remix,44,5ldrlXHvzAb1oBgbQJa4bk,0.8009999999999999,0.785,6,-3.895,1,0.34299999999999997,0.267,0.0,0.0647,0.902,97.82799999999999,279184,4
67,Musicologo The Libro,56,0lIw3RIPiAC50dWNjJXe2Q,Bum Bam Ven,44,5XqekpV3dsMMTPl4YQGtpo,0.9079999999999999,0.907,1,-0.763,1,0.151,0.245,0.000354,0.24,0.8,120.042,196141,4
68,Musicologo The Libro,56,0lIw3RIPiAC50dWNjJXe2Q,Fufu Papa,44,3m7vxaQ2h9z94Rq4OjVift,0.8690000000000001,0.919,8,-2.417,1,0.223,0.221,0.000354,0.22,0.5489999999999999,123.99700000000001,212903,4
69,Musicologo The Libro,56,0lIw3RIPiAC50dWNjJXe2Q,Pasate - Remix,44,3X07aZDNVHZAqRevgAJtdd,0.895,0.904,1,-4.548,1,0.07400000000000001,0.0429,0.00011200000000000001,0.662,0.7020000000000001,121.006,193394,4
70,Shadow Blow,61,53cVnpkm8dTmf20tssYSNF,En Filita Cooperando - Remix,58,5hG3xtRax4lX4gUTbK1UkP,0.6559999999999999,0.9390000000000001,10,-0.762,0,0.253,0.444,0.0481,0.0469,0.912,122.385,251613,4
71,Shadow Blow,61,53cVnpkm8dTmf20tssYSNF,Mi Bebé,54,0HpiLpKXNfkWW47IIcQIEx,0.8109999999999999,0.634,8,-8.566,1,0.0839,0.0648,3.14e-06,0.0598,0.599,96.929,223000,4
72,Shadow Blow,61,53cVnpkm8dTmf20tssYSNF,Influencer,50,3R8amwNn7AXd6czI6fUb8W,0.736,0.644,5,-8.681000000000001,1,0.201,0.578,0.0,0.153,0.449,90.01100000000001,194813,4
73,Shadow Blow,61,53cVnpkm8dTmf20tssYSNF,Soporto,50,4DmfmjQziKh2Af22X6ZJkP,0.8540000000000001,0.785,0,-5.974,1,0.0634,0.415,3.53e-05,0.265,0.912,95.948,136000,4
74,Shadow Blow,61,53cVnpkm8dTmf20tssYSNF,Pa' Que Sufran,49,7B0eMeHAMbxbCTamE5us8J,0.716,0.632,7,-7.595,1,0.188,0.281,0.0,0.0617,0.758,192.12400000000002,199000,4
75,Shadow Blow,61,53cVnpkm8dTmf20tssYSNF,La Mejor Noche,48,2cwUACZn05NitDxsFnNSfB,0.635,0.733,8,-4.53,1,0.11699999999999999,0.0974,0.00105,0.0944,0.857,195.85,207895,4
76,Shadow Blow,61,53cVnpkm8dTmf20tssYSNF,Mensaje Directo (DM),47,7oJzEtK0F1FT0cFIPNOPY6,0.615,0.6679999999999999,7,-9.129,1,0.33299999999999996,0.626,0.0,0.6679999999999999,0.522,74.608,220707,1
77,Shadow Blow,61,53cVnpkm8dTmf20tssYSNF,Que Me Diran,47,7u7wa5ElLqFlunGtvUniJv,0.885,0.769,1,-3.04,1,0.0795,0.0482,0.000196,0.607,0.76,109.965,185212,4
78,Shadow Blow,61,53cVnpkm8dTmf20tssYSNF,Foke To 3,47,24FgZSdBaQXXpN0VuYSTDc,0.6609999999999999,0.735,9,-8.369,1,0.293,0.11699999999999999,0.0,0.19,0.779,92.10700000000001,162500,4
79,Shadow Blow,61,53cVnpkm8dTmf20tssYSNF,Donde Te Metes,45,20OHBUEU5ugofGDpd2KYTf,0.66,0.547,5,-8.182,0,0.0488,0.1,0.0,0.111,0.136,93.432,156500,3
80,La Insuperable,49,1DnmGMN1A57wUR0KhxOnnu,En Filita Cooperando - Remix,58,5hG3xtRax4lX4gUTbK1UkP,0.6559999999999999,0.9390000000000001,10,-0.762,0,0.253,0.444,0.0481,0.0469,0.912,122.385,251613,4
81,La Insuperable,49,1DnmGMN1A57wUR0KhxOnnu,Me Subo Arriba,43,0rmJCeOoTH673NPxw4CiqM,0.8809999999999999,0.706,7,-2.9410000000000003,0,0.152,0.522,0.0,0.171,0.513,139.002,208147,4
82,La Insuperable,49,1DnmGMN1A57wUR0KhxOnnu,Tengo Derecho,40,4LgYL1ttItQJgEnmHY9wST,0.9009999999999999,0.807,8,-5.461,0,0.23800000000000002,0.0349,6.500000000000001e-05,0.0405,0.894,128.08,210881,4
83,La Insuperable,49,1DnmGMN1A57wUR0KhxOnnu,Salao,38,7MiA3RtXtEiPR8lEMI0i4G,0.9420000000000001,0.69,10,-8.205,0,0.0757,0.0132,0.017,0.063,0.792,125.001,226587,4
84,La Insuperable,49,1DnmGMN1A57wUR0KhxOnnu,Cama Vacía,37,4J0dwMGNLmX4l59xRisiNT,0.737,0.789,8,-5.57,0,0.061,0.44299999999999995,0.0,0.63,0.581,143.094,216812,4
85,La Insuperable,49,1DnmGMN1A57wUR0KhxOnnu,Su Favorita,35,1ZuBUBl4LwU0TLUbC5rkNJ,0.6809999999999999,0.762,11,-4.981,0,0.0803,0.11199999999999999,0.0,0.0901,0.825,179.922,178667,4
86,La Insuperable,49,1DnmGMN1A57wUR0KhxOnnu,Que Me Den Banda,34,7lRTSUr5aLu2cBcRcJpfHk,0.88,0.653,4,-5.787999999999999,0,0.177,0.006220000000000001,0.00613,0.0463,0.7020000000000001,128.086,217987,4
87,La Insuperable,49,1DnmGMN1A57wUR0KhxOnnu,Yo Soy Esa,33,4RcMzaO0T8rP1cZfqayTpU,0.794,0.7140000000000001,1,-7.4079999999999995,0,0.0648,0.376,0.0,0.18,0.727,129.987,209067,4
88,La Insuperable,49,1DnmGMN1A57wUR0KhxOnnu,Cual Es la Vaina,31,3eDJUJq4AWZV7tACznMhXJ,0.9209999999999999,0.752,6,-4.876,0,0.251,0.0776,1.99e-05,0.0393,0.716,119.961,184946,4
89,La Insuperable,49,1DnmGMN1A57wUR0KhxOnnu,Dime Linda Te Llenaste de Odio,29,0N7nbqVY4HgoQnyaoADmAM,0.701,0.863,2,-5.55,1,0.124,0.0052899999999999996,0.0347,0.059000000000000004,0.857,168.028,220000,4
90,Shelow Shaq,68,658X86qMyJpSRY87oPvExU,Watch Out (feat. Fetty Wap),53,7HR7MpHKZpnmdC7CVEhePh,0.9520000000000001,0.846,4,-5.805,0,0.247,0.0515,1.26e-06,0.317,0.597,117.946,117053,4
91,Shelow Shaq,68,658X86qMyJpSRY87oPvExU,Knock Out,53,6YRH8zh2KMbltmbSf4Qe1d,0.9309999999999999,0.932,0,-1.535,1,0.309,0.353,3.28e-05,0.0843,0.511,123.071,195596,4
92,Shelow Shaq,68,658X86qMyJpSRY87oPvExU,Perra (Remix),50,6m4hIAkxRTeJDPV6XsoBNR,0.8170000000000001,0.8079999999999999,7,-4.01,1,0.21600000000000003,0.0434,0.0,0.125,0.617,100.044,282411,4
93,Shelow Shaq,68,658X86qMyJpSRY87oPvExU,Siga Boyando,47,3pfmXyxD0SzpVVMjK57x1r,0.629,0.883,1,-4.882,1,0.25,0.248,0.00017900000000000001,0.32899999999999996,0.6,134.641,250510,4
94,Shelow Shaq,68,658X86qMyJpSRY87oPvExU,Serrucho Amolao,45,1kzs05g4L7sADL1JCBVH1s,0.919,0.907,10,-1.158,0,0.22,0.057999999999999996,3.1e-05,0.0467,0.802,121.93799999999999,232151,4
95,Shelow Shaq,68,658X86qMyJpSRY87oPvExU,Contento,45,7bDeSxA38xU0P1Pzot3WQm,0.542,0.847,5,-2.515,0,0.0496,0.0149,0.000532,0.0952,0.33299999999999996,100.035,218406,4
96,Shelow Shaq,68,658X86qMyJpSRY87oPvExU,Que Te Pica,44,4CwzrnPwasFox12WLTz6Wf,0.857,0.74,9,-4.0760000000000005,1,0.187,0.203,8.88e-05,0.0559,0.23399999999999999,120.848,140494,4
97,Shelow Shaq,68,658X86qMyJpSRY87oPvExU,"La Nota Se Me Encampana (with Tali Goya, Ceky Viciny, Quimico Ultra Mega & Shelow Shaq) - Remix",44,43vpumD5K15N6Vb0kpuZCi,0.868,0.828,11,-4.283,1,0.192,0.0311,1.69e-06,0.14800000000000002,0.763,104.96600000000001,274840,4
98,Shelow Shaq,68,658X86qMyJpSRY87oPvExU,Donde Estan,41,1StjQHjCyI6xmC0Mihqmkl,0.9179999999999999,0.752,0,-4.01,0,0.125,0.0434,1.77e-06,0.106,0.6709999999999999,120.00200000000001,189523,4
99,Shelow Shaq,68,658X86qMyJpSRY87oPvExU,Tu Maldita Madre (Remix),41,6P00nbm7byCND2pgWkNopd,0.8170000000000001,0.8029999999999999,10,-1.7890000000000001,0,0.258,0.109,0.000637,0.441,0.517,123.12100000000001,275645,4
100,"Secreto ""El Famoso Biberon""",56,37UACiDcdzEYii0iU0QpAf,Dame Banda,56,3lSjcTblaKRbx4aHWXMWCH,0.878,0.9309999999999999,5,-1.17,0,0.0866,0.151,0.004079999999999999,0.0559,0.8190000000000001,120.016,244000,4
101,"Secreto ""El Famoso Biberon""",56,37UACiDcdzEYii0iU0QpAf,Bum Bam Ven - Remix,52,41ezMG36bvrbJaJpvlbDFf,0.9129999999999999,0.86,1,-1.383,1,0.131,0.25,0.000226,0.261,0.736,120.022,230000,4
102,"Secreto ""El Famoso Biberon""",56,37UACiDcdzEYii0iU0QpAf,Papa Dios Me Dijo,50,6E77ppZLfCPdrfbIK2KLI8,0.795,0.9209999999999999,5,-3.762,0,0.26,0.0258,0.0,0.5770000000000001,0.7020000000000001,119.995,212840,4
103,"Secreto ""El Famoso Biberon""",56,37UACiDcdzEYii0iU0QpAf,Amaneci Contento,50,6J7eGnU2ccuwac6P4YmOcy,0.818,0.6779999999999999,11,-7.441,0,0.17600000000000002,0.0285,1.66e-06,0.121,0.856,140.04,239480,4
104,"Secreto ""El Famoso Biberon""",56,37UACiDcdzEYii0iU0QpAf,Real Guerrero - Remix,48,0h94GnP9odhbOs6ph1UBqd,0.601,0.727,6,-4.263999999999999,1,0.244,0.39399999999999996,0.0,0.175,0.33799999999999997,169.801,297369,4
105,"Secreto ""El Famoso Biberon""",56,37UACiDcdzEYii0iU0QpAf,Real Guerrero,47,5hj6i8wM8jm2f5uWlCxw6I,0.698,0.627,11,-5.149,1,0.521,0.636,1.49e-06,0.17800000000000002,0.539,170.115,220801,4
106,"Secreto ""El Famoso Biberon""",56,37UACiDcdzEYii0iU0QpAf,De Amor Nadie Se Muere,47,52eBBUJW8E0aRgKmSWoA05,0.867,0.8440000000000001,11,-2.7680000000000002,0,0.259,0.0375,0.0,0.237,0.731,137.995,228467,4
107,"Secreto ""El Famoso Biberon""",56,37UACiDcdzEYii0iU0QpAf,Te Siento En Para - Special Edition,45,244KK3Gslw1YL0RmGt4zdA,0.9420000000000001,0.8340000000000001,10,-5.334,0,0.0752,0.0319,0.00013700000000000002,0.11599999999999999,0.9229999999999999,122.021,194760,4
108,"Secreto ""El Famoso Biberon""",56,37UACiDcdzEYii0iU0QpAf,Fufu Papa,44,3m7vxaQ2h9z94Rq4OjVift,0.8690000000000001,0.919,8,-2.417,1,0.223,0.221,0.000354,0.22,0.5489999999999999,123.99700000000001,212903,4
109,"Secreto ""El Famoso Biberon""",56,37UACiDcdzEYii0iU0QpAf,La Vuelta,44,6gv565xQpiHTY32i9rouuh,0.802,0.742,10,-4.3469999999999995,0,0.17300000000000001,0.242,0.0,0.107,0.506,89.035,284134,4
110,Quimico Ultra Mega,64,3tZdknQnzsVIIdaGCTj4RX,La Calle es de Nosotros - Remix,59,2jBlDIG1zQwF9XBQqxAv5O,0.878,0.853,11,-3.287,1,0.14300000000000002,0.0255,0.0006450000000000001,0.5660000000000001,0.8320000000000001,109.926,250749,4
111,Quimico Ultra Mega,64,3tZdknQnzsVIIdaGCTj4RX,Trompeta,53,6SFnPT4nfYpfVRaJJwvfQG,0.878,0.828,8,-3.216,1,0.336,0.14,0.000156,0.585,0.6459999999999999,125.04,200808,4
112,Quimico Ultra Mega,64,3tZdknQnzsVIIdaGCTj4RX,Klonk - Remix,48,4RG1T9AqbSmOBQlUpbY50s,0.619,0.68,11,-5.803999999999999,1,0.32799999999999996,0.159,3.61e-06,0.17800000000000002,0.588,82.48700000000001,305824,4
113,Quimico Ultra Mega,64,3tZdknQnzsVIIdaGCTj4RX,Wila Wila,48,34XJSwPrx60AWVFNYDWwsS,0.828,0.513,7,-8.074,1,0.0783,0.23600000000000002,0.0031,0.125,0.5670000000000001,94.965,157920,4
114,Quimico Ultra Mega,64,3tZdknQnzsVIIdaGCTj4RX,Tengo Una Mata - Remix,47,3Kx9laDpGOK5nmuAMgALrf,0.624,0.76,7,-4.691,0,0.42,0.32799999999999996,0.0,0.0906,0.48200000000000004,106.164,230955,4
115,Quimico Ultra Mega,64,3tZdknQnzsVIIdaGCTj4RX,Ferrari - Remix,46,71meXpIGrmV3Z2jUNnEv8l,0.725,0.536,8,-8.924,1,0.0463,0.174,1.17e-06,0.153,0.531,153.561,306410,4
116,Quimico Ultra Mega,64,3tZdknQnzsVIIdaGCTj4RX,Vamo a da una Vuelta,46,17dNvMfueWbOhNqMN2rRIm,0.7609999999999999,0.573,9,-6.151,0,0.349,0.5710000000000001,0.0,0.0575,0.8029999999999999,160.38299999999998,194640,4
117,Quimico Ultra Mega,64,3tZdknQnzsVIIdaGCTj4RX,El Mudo - Remix,46,6NFYM779eoWZ59OOMi1qLp,0.917,0.823,1,-3.572,1,0.0764,0.185,0.000168,0.223,0.9259999999999999,107.016,234953,4
118,Quimico Ultra Mega,64,3tZdknQnzsVIIdaGCTj4RX,Gatillero,45,5h2E7FBk7BraDCjySJTV5y,0.69,0.985,1,-1.2690000000000001,1,0.53,0.124,0.0,0.0944,0.6759999999999999,230.00799999999998,185880,4
119,Quimico Ultra Mega,64,3tZdknQnzsVIIdaGCTj4RX,No Lo Vendo - Remix,44,5ldrlXHvzAb1oBgbQJa4bk,0.8009999999999999,0.785,6,-3.895,1,0.34299999999999997,0.267,0.0,0.0647,0.902,97.82799999999999,279184,4
120,La Manta,51,3omyT5zHz9QmE63xEk10OV,Knock Out,53,6YRH8zh2KMbltmbSf4Qe1d,0.9309999999999999,0.932,0,-1.535,1,0.309,0.353,3.28e-05,0.0843,0.511,123.071,195596,4
121,La Manta,51,3omyT5zHz9QmE63xEk10OV,Que Me Importa,52,4mkKxj7pc3QNCuiXZRP0qD,0.7390000000000001,0.826,1,-5.819,1,0.0836,0.314,0.5710000000000001,0.11599999999999999,0.675,115.163,173322,4
122,La Manta,51,3omyT5zHz9QmE63xEk10OV,Siga Boyando,47,3pfmXyxD0SzpVVMjK57x1r,0.629,0.883,1,-4.882,1,0.25,0.248,0.00017900000000000001,0.32899999999999996,0.6,134.641,250510,4
123,La Manta,51,3omyT5zHz9QmE63xEk10OV,Yo Lo Cojo,39,15f7OgSGn8g36CHvQSToza,0.847,0.75,10,-3.2739999999999996,0,0.127,0.0931,0.007390000000000001,0.366,0.528,122.022,188893,4
124,La Manta,51,3omyT5zHz9QmE63xEk10OV,Careta,33,2lBcOUfEHhXgGfySoP9yMo,0.932,0.898,1,-4.376,1,0.09300000000000001,0.17600000000000002,6.33e-06,0.0874,0.7559999999999999,110.03399999999999,216999,4
125,La Manta,51,3omyT5zHz9QmE63xEk10OV,La Merca,33,7jACVdsThGi8kuQYmgQd0q,0.897,0.835,6,-5.899,1,0.10800000000000001,0.0626,0.00268,0.307,0.745,119.969,152503,4
126,La Manta,51,3omyT5zHz9QmE63xEk10OV,El Sofoke (Remix),33,5iOZWIifn61GYHTRQ6j9CP,0.8740000000000001,0.759,1,-7.939,1,0.17800000000000002,0.271,0.0176,0.39,0.867,95.98299999999999,203692,4
127,La Manta,51,3omyT5zHz9QmE63xEk10OV,Babality,32,70Zajj2ufgawvNqDCy3BGP,0.7240000000000001,0.716,8,-5.687,0,0.297,0.332,0.0,0.111,0.301,95.96600000000001,201718,4
128,La Manta,51,3omyT5zHz9QmE63xEk10OV,Los Mismos Tenis,31,6MEaXOyNOzLYDk4s0wmVKu,0.748,0.7829999999999999,1,-6.343,0,0.0705,0.11599999999999999,3.6700000000000004e-05,0.36,0.758,85.009,213917,4
129,La Manta,51,3omyT5zHz9QmE63xEk10OV,Chilling,31,1ZFRLTfWMgtfa9suxR79dp,0.875,0.92,1,-2.79,1,0.153,0.47100000000000003,0.0,0.623,0.8959999999999999,113.0,141125,4
130,Black Jonas Point,47,5ImkeVBlU11axX5QwOWg12,Asi Te Quiero,42,0UyOxy7uZEL3uvIKSVOp44,0.764,0.772,9,-4.297,1,0.214,0.254,0.0,0.226,0.648,108.09,201561,4
131,Black Jonas Point,47,5ImkeVBlU11axX5QwOWg12,No Es Lo Mismo - Remix,33,390mMX0DdFOaN6eeH7HwBN,0.703,0.8690000000000001,10,-2.779,0,0.29100000000000004,0.695,0.0,0.129,0.773,92.12899999999999,252970,4
132,Black Jonas Point,47,5ImkeVBlU11axX5QwOWg12,Lo Que Quieras,37,0cm86dyk6N77qzW4zGbMe1,0.652,0.8540000000000001,9,-6.077000000000001,0,0.0768,0.307,0.0,0.0605,0.903,93.059,196545,4
133,Black Jonas Point,47,5ImkeVBlU11axX5QwOWg12,Todo Tiene Final,36,6shRLJtMmwEdLGrCHW250H,0.642,0.564,9,-8.564,1,0.159,0.7509999999999999,0.0,0.133,0.49200000000000005,159.914,221331,4
134,Black Jonas Point,47,5ImkeVBlU11axX5QwOWg12,Mas Que Amor,34,4N1SUJE2vp2gkmG9xHbaHM,0.8140000000000001,0.55,6,-5.461,0,0.18100000000000002,0.0278,0.0,0.10800000000000001,0.597,89.99,205347,4
135,Black Jonas Point,47,5ImkeVBlU11axX5QwOWg12,El Pito - Internacional Remix,34,2UTizhOevUUIci91XcLBJA,0.828,0.8740000000000001,0,-4.372,1,0.133,0.152,0.0,0.0569,0.855,105.96600000000001,195500,4
136,Black Jonas Point,47,5ImkeVBlU11axX5QwOWg12,Click Clock,33,3hDD5EhhH9bxXEEuwsyQT8,0.86,0.8009999999999999,7,-4.758,1,0.183,0.0189,0.0109,0.344,0.45399999999999996,109.039,171442,4
137,Black Jonas Point,47,5ImkeVBlU11axX5QwOWg12,Culeteo,32,0nGzFcjJjClWr3y4fcWVJI,0.841,0.772,10,-4.32,0,0.0625,0.11199999999999999,2.58e-05,0.619,0.171,122.081,171773,4
138,Black Jonas Point,47,5ImkeVBlU11axX5QwOWg12,El Tirador,31,0tmfuktHn1lnzydE8T5HWA,0.8270000000000001,0.5539999999999999,5,-6.039,0,0.27399999999999997,0.35200000000000004,0.0,0.306,0.6970000000000001,104.07600000000001,174730,4
139,Black Jonas Point,47,5ImkeVBlU11axX5QwOWg12,Solo Grita,30,4Lb8Si1K9zsOfF2xmiJhbO,0.632,0.632,9,-8.305,0,0.0948,0.359,0.0,0.11699999999999999,0.573,120.125,182126,4
140,Mark B.,64,0zZJhc1T0zBurhnBwQ2fcu,Me Llueven,61,2Iv7PCElmi1dZfzHWzMczA,0.853,0.7240000000000001,7,-4.22,1,0.0712,0.289,0.0,0.687,0.6,121.98899999999999,165995,4
141,Mark B.,64,0zZJhc1T0zBurhnBwQ2fcu,Mojadero,61,5uNOpdHMpFV9RxZ0qgNGcD,0.736,0.96,11,-3.835,0,0.0533,0.0545,0.163,0.24,0.833,117.014,235897,4
142,Mark B.,64,0zZJhc1T0zBurhnBwQ2fcu,Roce,58,4kxELPk1Je0OXgiYnVhqSs,0.736,0.6829999999999999,6,-5.81,1,0.245,0.0733,0.00014199999999999998,0.0505,0.767,192.063,115391,4
143,Mark B.,64,0zZJhc1T0zBurhnBwQ2fcu,Otra Noche,57,63FVUiJ5vaaPlrFG28oPZT,0.8079999999999999,0.6509999999999999,1,-4.285,0,0.0625,0.055,0.000518,0.0801,0.491,102.023,192941,4
144,Mark B.,64,0zZJhc1T0zBurhnBwQ2fcu,Dando,57,0kEzIodWrEDtpKS0EYI99X,0.7909999999999999,0.691,7,-7.505,1,0.0595,0.013999999999999999,0.0,0.159,0.6579999999999999,116.984,193974,4
145,Mark B.,64,0zZJhc1T0zBurhnBwQ2fcu,Playa y Arena (Remix),56,4Q6Z7fn2xVhPZ1xn0XfEOY,0.815,0.693,2,-6.297999999999999,0,0.0782,0.0654,0.00044500000000000003,0.0714,0.8029999999999999,126.01,237042,4
146,Mark B.,64,0zZJhc1T0zBurhnBwQ2fcu,Todo Va Estar Bien,55,42sMYgin1f4iFDzo47LyOE,0.794,0.8140000000000001,11,-4.921,1,0.161,0.107,6.98e-06,0.131,0.826,105.01799999999999,194529,4
147,Mark B.,64,0zZJhc1T0zBurhnBwQ2fcu,Hoy,55,6S5TzrDnSNzHwFArQVosrU,0.87,0.823,1,-3.9930000000000003,0,0.0676,0.0227,0.000537,0.0773,0.705,120.022,172000,4
148,Mark B.,64,0zZJhc1T0zBurhnBwQ2fcu,Me Llamas,54,3LgtCt7CVhMvNSMGoQD9i1,0.799,0.595,2,-7.015,1,0.193,0.259,0.0,0.344,0.555,120.06,328000,4
149,Mark B.,64,0zZJhc1T0zBurhnBwQ2fcu,Ponmelo a Sonar,49,6jiRUFbYQ7JU6dN5WtnR28,0.8740000000000001,0.6679999999999999,11,-11.258,0,0.0675,0.0251,0.00128,0.0725,0.7120000000000001,108.015,181817,4
150,Chimbala,70,4VVEpEhC8NcR7AqNEds42U,Rueda,78,71NGDQ9vSPXm55pyWeAxKK,0.888,0.9159999999999999,9,-2.1959999999999997,1,0.0922,0.165,4.36e-06,0.0519,0.96,130.04,210528,4
151,Chimbala,70,4VVEpEhC8NcR7AqNEds42U,Tumbala,66,48HoWzu1Fe4QHUSilVHJGy,0.883,0.83,6,-1.882,0,0.0591,0.297,0.000105,0.405,0.7959999999999999,125.05799999999999,186240,4
152,Chimbala,70,4VVEpEhC8NcR7AqNEds42U,El Boom,66,4D3RlFtxWG1vcgddoovAsN,0.866,0.84,4,-2.591,1,0.04,0.529,0.000331,0.0514,0.9359999999999999,127.99600000000001,219402,4
153,Chimbala,70,4VVEpEhC8NcR7AqNEds42U,Maniquí - Remix,63,7EgZdnwpSerKvFB8kkbnwG,0.8590000000000001,0.7909999999999999,7,-5.292999999999999,1,0.0576,0.325,3.8799999999999994e-05,0.1,0.635,123.021,206872,4
154,Chimbala,70,4VVEpEhC8NcR7AqNEds42U,Colombiana,61,6jqFyYXR54RHHo3S18rjab,0.56,0.99,4,-2.291,0,0.265,0.265,0.0,0.154,0.9470000000000001,152.31,186802,5
155,Chimbala,70,4VVEpEhC8NcR7AqNEds42U,Brazilera (Remix),58,5xGtnjJ6eaioRtV6hcHqY0,0.888,0.6829999999999999,2,-8.491,1,0.175,0.48,0.0,0.245,0.693,110.045,211226,4
156,Chimbala,70,4VVEpEhC8NcR7AqNEds42U,Maniqui,57,1SKZ2kmLyRZUkIw9zq9RLL,0.885,0.805,5,-3.7260000000000004,1,0.0541,0.39299999999999996,8.9e-05,0.0578,0.536,122.96700000000001,177633,4
157,Chimbala,70,4VVEpEhC8NcR7AqNEds42U,Tan Celoso,56,0kBtkRLoFGQJcnivHh7kwb,0.856,0.883,1,-3.3539999999999996,1,0.0641,0.282,0.00358,0.0335,0.705,125.088,162847,4
158,Chimbala,70,4VVEpEhC8NcR7AqNEds42U,Mujeres,53,6s75l2BGSbPTyU7SEs63in,0.863,0.8909999999999999,6,-3.12,1,0.071,0.34600000000000003,0.0081,0.0383,0.91,130.053,147853,4
159,Chimbala,70,4VVEpEhC8NcR7AqNEds42U,Soltero,53,1IOCIQ8mhFV42YdacEog1j,0.8370000000000001,0.9009999999999999,9,-2.81,1,0.0594,0.0948,5.550000000000001e-05,0.182,0.9440000000000001,132.037,176039,4
160,La Kikada,49,7Fpb4yEAPfiQfY0Bx0uLm5,Amigos Muertos,58,41VSKd0QWCCSLo3qiR39sp,0.889,0.6609999999999999,6,-4.266,1,0.0842,0.0106,0.00427,0.29,0.759,120.024,217000,4
161,La Kikada,49,7Fpb4yEAPfiQfY0Bx0uLm5,Los Patrones,41,3XZAJFdEANpxSH7tH7p2RG,0.909,0.905,1,-5.516,1,0.11,0.645,0.0225,0.669,0.736,118.05,289677,4
162,La Kikada,49,7Fpb4yEAPfiQfY0Bx0uLm5,Tamo Loco,29,5N8yKD8bwjxK8NCk54dWiw,0.9490000000000001,0.8640000000000001,1,-2.63,1,0.0621,0.23199999999999998,0.0,0.34,0.652,119.97,238080,4
163,La Kikada,49,7Fpb4yEAPfiQfY0Bx0uLm5,Si Te Presto La Glock,27,4oZEZbc72VrUuOv40K1wZp,0.65,0.9,6,-7.074,0,0.475,0.149,0.0,0.305,0.732,89.994,475594,4
164,La Kikada,49,7Fpb4yEAPfiQfY0Bx0uLm5,Kelokeke,27,571U5kPpRNcIHnKdxMDtKj,0.83,0.818,10,-9.427999999999999,0,0.0538,0.152,0.00011899999999999999,0.111,0.836,103.096,173640,4
165,La Kikada,49,7Fpb4yEAPfiQfY0Bx0uLm5,Glu Glu,25,1ICksYIrVxAHVmjRRfKA2a,0.877,0.895,10,-2.78,0,0.16399999999999998,0.0952,0.000149,0.147,0.716,118.008,186000,4
166,La Kikada,49,7Fpb4yEAPfiQfY0Bx0uLm5,Tu ta en Para,25,47N2SQ3U8U64msXbrQLoI3,0.868,0.88,0,-4.359,1,0.0665,0.0665,0.0011,0.31,0.855,110.029,142915,4
167,La Kikada,49,7Fpb4yEAPfiQfY0Bx0uLm5,Tu Parte,23,2bdUYaE0eJBCi0h2ImMZ0I,0.828,0.975,1,-3.2439999999999998,1,0.105,0.601,0.00479,0.0472,0.745,116.976,128261,4
168,La Kikada,49,7Fpb4yEAPfiQfY0Bx0uLm5,Yoshi,23,2hp2qSBGwhL2Ci3GLdKfN6,0.807,0.835,1,-5.287000000000001,1,0.0978,0.303,0.0178,0.0564,0.556,114.009,174733,4
169,La Kikada,49,7Fpb4yEAPfiQfY0Bx0uLm5,Kelokeke Remix,10,6tBuWE1vz2OUUccxEQTjlG,0.862,0.765,11,-8.322000000000001,0,0.0568,0.214,3.92e-06,0.085,0.8809999999999999,103.041,259997,4
170,Poeta Callejero,47,1m82A2YUjBaQnLAFi9vjJv,Por Que Me Ahogo,38,6Mm4e4HsRbYHBxYUz2voRf,0.741,0.66,4,-8.066,0,0.475,0.11800000000000001,0.0,0.115,0.8140000000000001,57.753,180645,5
171,Poeta Callejero,47,1m82A2YUjBaQnLAFi9vjJv,Con Los Brazos Abiertos (feat. Poeta Callejero),36,2bbha2Cvy1YbjJCws5vyex,0.654,0.721,9,-5.397,0,0.114,0.428,0.0,0.0919,0.371,179.99900000000002,214544,4
172,Poeta Callejero,47,1m82A2YUjBaQnLAFi9vjJv,Capea el Dough 2k14,35,7kIP60tCZ6XlAtSbJjGlhU,0.735,0.78,0,-6.154,1,0.381,0.337,0.0,0.349,0.826,98.057,707595,4
173,Poeta Callejero,47,1m82A2YUjBaQnLAFi9vjJv,Esperando Por Ti,35,1C4MgPWoUlLqPmz3cLOjzP,0.8170000000000001,0.489,5,-10.564,1,0.0947,0.8959999999999999,0.009040000000000001,0.128,0.843,97.789,221773,4
174,Poeta Callejero,47,1m82A2YUjBaQnLAFi9vjJv,Capea El Dough 2k17,33,3SOY1DKorxsNPreFiuPwZ1,0.769,0.86,0,-3.341,1,0.375,0.345,0.0,0.65,0.833,98.044,370338,4
175,Poeta Callejero,47,1m82A2YUjBaQnLAFi9vjJv,Bonita Bonita,33,1fktqEnilKuUGqyFy1UkyJ,0.7390000000000001,0.8370000000000001,0,-4.842,0,0.132,0.259,0.0,0.171,0.775,100.061,202960,4
176,Poeta Callejero,47,1m82A2YUjBaQnLAFi9vjJv,litEral viEja,31,54s44Bp3oszvCBHp8HpdLK,0.857,0.622,2,-8.821,1,0.20800000000000002,0.106,0.000526,0.0695,0.8109999999999999,95.012,172216,4
177,Poeta Callejero,47,1m82A2YUjBaQnLAFi9vjJv,Historia De Amor,29,7FRmRaAFikqgemdqJ1mCV4,0.627,0.763,7,-6.056,0,0.0928,0.11199999999999999,0.0,0.258,0.239,94.04299999999999,251507,4
178,Poeta Callejero,47,1m82A2YUjBaQnLAFi9vjJv,Contigo Aprendí,29,30IyCkSwdkspai8HijmAQN,0.647,0.752,3,-7.362,1,0.0446,0.494,0.0,0.275,0.6940000000000001,80.0,225907,4
179,Poeta Callejero,47,1m82A2YUjBaQnLAFi9vjJv,Cuando Me Muera,28,6tEC6pjuQBtPY3mHBvRUnt,0.828,0.593,4,-9.042,1,0.209,0.0802,0.0,0.449,0.542,142.991,244527,4
180,Rochy RD,56,4riOEaOW5hCeqomFDBk0aP,Trucho,57,6v3uWYfmamDBjB9gylwDwl,0.95,0.6809999999999999,10,-3.2560000000000002,0,0.113,0.0436,0.000412,0.316,0.579,118.072,152797,4
181,Rochy RD,56,4riOEaOW5hCeqomFDBk0aP,Ella Es Calle,51,04xO5tBqr6XYdauPIsLWTC,0.72,0.7090000000000001,9,-1.96,1,0.316,0.387,0.00225,0.106,0.8440000000000001,189.983,224853,4
182,Rochy RD,56,4riOEaOW5hCeqomFDBk0aP,Coronao,49,1Rt9KDQJsHZcUnaVv5Qili,0.747,0.77,2,-4.431,1,0.28,0.384,0.000103,0.0604,0.708,97.01299999999999,219181,4
183,Rochy RD,56,4riOEaOW5hCeqomFDBk0aP,Haciendo Dinero (En La Mia),48,7azK5cwtA3F9YsNtHUITEf,0.644,0.6940000000000001,5,-3.4610000000000003,1,0.324,0.165,0.0,0.0559,0.747,191.907,230053,4
184,Rochy RD,56,4riOEaOW5hCeqomFDBk0aP,Pal' De Peso,46,6RGY7WKvKnUUHYzSAtPXyI,0.7879999999999999,0.5,1,-5.867000000000001,0,0.262,0.33299999999999996,0.0,0.574,0.8109999999999999,96.00200000000001,205600,4
185,Rochy RD,56,4riOEaOW5hCeqomFDBk0aP,La Pampara,46,5CMYuOwdkbwCGz9QY1nII6,0.938,0.905,1,-1.956,1,0.19,0.36,0.000265,0.11199999999999999,0.94,115.059,227000,4
186,Rochy RD,56,4riOEaOW5hCeqomFDBk0aP,Llegó El Cuco,46,2fkQCc98rU6m6aIg5kMe2U,0.802,0.9590000000000001,4,-0.262,0,0.335,0.0039700000000000004,0.00303,0.107,0.711,120.23299999999999,230029,4
187,Rochy RD,56,4riOEaOW5hCeqomFDBk0aP,Sistema De Gangster,45,4ypv7dnKGGMsMuFevN1OE7,0.657,0.674,9,-5.532,1,0.35700000000000004,0.379,0.0,0.0668,0.6809999999999999,93.837,261867,4
188,Rochy RD,56,4riOEaOW5hCeqomFDBk0aP,El Celular,45,0BRDTOOPHuKPvLx5j9qsAB,0.569,0.809,9,-4.047,0,0.37,0.142,0.0,0.198,0.813,126.83200000000001,212507,5
189,Rochy RD,56,4riOEaOW5hCeqomFDBk0aP,El Comienzo,44,1QykCyOIFbZdZEiLq8gin1,0.8270000000000001,0.612,8,-1.663,1,0.10300000000000001,0.165,7.37e-05,0.20600000000000002,0.374,89.969,215987,4
190,Kiko el Crazy,56,3NpG6SsHaQETkdQVZH6V1E,Mueve la Cadera,65,5uAe6AXcN2SEOcOAy0Txkh,0.946,0.9079999999999999,7,-6.233,1,0.0826,0.113,0.17300000000000001,0.544,0.449,119.96799999999999,195250,4
191,Kiko el Crazy,56,3NpG6SsHaQETkdQVZH6V1E,Baje Con Trenzas,49,1UliaPFNVIA9f3ocnwJmx3,0.5660000000000001,0.792,1,-4.7669999999999995,1,0.33299999999999996,0.0030800000000000003,0.005520000000000001,0.0858,0.672,149.625,155533,4
192,Kiko el Crazy,56,3NpG6SsHaQETkdQVZH6V1E,Baje Con Trenza - Remix,47,16mjWUaQ4MjErG3LiD4jlD,0.863,0.815,1,-5.3020000000000005,1,0.114,0.00804,0.00038199999999999996,0.527,0.703,122.979,207805,4
193,Kiko el Crazy,56,3NpG6SsHaQETkdQVZH6V1E,Bajale,46,0s3WYLJg1fLQVc5jvoC5jr,0.5670000000000001,0.71,10,-3.4189999999999996,0,0.19899999999999998,0.00902,0.0448,0.45799999999999996,0.809,150.408,157630,5
194,Kiko el Crazy,56,3NpG6SsHaQETkdQVZH6V1E,Pasate - Remix,44,3X07aZDNVHZAqRevgAJtdd,0.895,0.904,1,-4.548,1,0.07400000000000001,0.0429,0.00011200000000000001,0.662,0.7020000000000001,121.006,193394,4
195,Kiko el Crazy,56,3NpG6SsHaQETkdQVZH6V1E,Pegamelo,37,4uXnOZ4NA3yMRnTOIvOB78,0.604,0.8809999999999999,1,-2.028,1,0.12300000000000001,0.135,0.000151,0.645,0.9179999999999999,120.012,149433,4
196,Kiko el Crazy,56,3NpG6SsHaQETkdQVZH6V1E,Yo Si Soy Trap 1.0,33,0NiJ3M3d50e1wn0vtD67MO,0.728,0.613,8,-7.318,1,0.358,0.314,0.0,0.0814,0.473,124.855,367517,4
197,Kiko el Crazy,56,3NpG6SsHaQETkdQVZH6V1E,La Pampara Navideña 2019,33,4FiChqPkftUVeZYDXA8VBq,0.89,0.659,11,-8.773,0,0.198,0.00614,0.0,0.521,0.758,119.99600000000001,362057,4
198,Kiko el Crazy,56,3NpG6SsHaQETkdQVZH6V1E,Wawanco,32,3R8SbqPk9qkUK7CMsUY2ec,0.89,0.861,9,-1.624,0,0.13699999999999998,0.155,0.00469,0.29,0.785,123.915,190512,4
199,Kiko el Crazy,56,3NpG6SsHaQETkdQVZH6V1E,Amigos,30,2WDiiMQliJC0r0cH6pfZcj,0.6679999999999999,0.657,8,-4.708,1,0.265,0.45299999999999996,0.00010800000000000001,0.1,0.6990000000000001,125.244,252682,5
200,Don Miguelo,58,1noWnd8QFQD9VLxWEeo4Zf,Como Yo le Doy,57,7mgzOfPPygzCNdnxZBkxns,0.8270000000000001,0.777,7,-6.455,1,0.10400000000000001,0.295,3.4200000000000005e-05,0.306,0.835,98.001,222377,4
201,Don Miguelo,58,1noWnd8QFQD9VLxWEeo4Zf,7 Locas - Original Dembow Version,44,05F6kiE6hjjmWBXcIhrTFG,0.8540000000000001,0.8809999999999999,9,-3.613,1,0.0711,0.0908,2.14e-05,0.0926,0.8270000000000001,141.961,195920,4
202,Don Miguelo,58,1noWnd8QFQD9VLxWEeo4Zf,Dimelo (feat. Wason Brazoban),43,36i4IDPU4wSpsUCklhTIR1,0.8240000000000001,0.655,0,-6.091,1,0.0506,0.221,3.24e-06,0.0535,0.687,98.007,242077,4
203,Don Miguelo,58,1noWnd8QFQD9VLxWEeo4Zf,Nunca Te la Quité,43,0UXqBMPpU1mNVnlFuuPMsK,0.865,0.711,7,-5.515,0,0.105,0.16899999999999998,1.29e-05,0.0883,0.659,96.99600000000001,195446,4
204,Don Miguelo,58,1noWnd8QFQD9VLxWEeo4Zf,La Que Me Mata,43,3DdVMsFJe7iexh7Bx22hFc,0.693,0.762,0,-6.374,1,0.214,0.0902,0.0,0.099,0.685,94.949,195579,4
205,Don Miguelo,58,1noWnd8QFQD9VLxWEeo4Zf,El Mario de Tu Mujer (feat. Sensato),42,02DaDbZtjht8xRERVwL7Zb,0.77,0.938,7,-4.283,1,0.0716,0.0304,0.0,0.0408,0.9209999999999999,133.97899999999998,246387,4
206,Don Miguelo,58,1noWnd8QFQD9VLxWEeo4Zf,Adiccion al Contacto,41,5vShN1Ew2L1wu5vUH7SJkh,0.787,0.784,5,-8.703,1,0.053,0.38,0.00313,0.0822,0.7020000000000001,98.027,201784,4
207,Don Miguelo,58,1noWnd8QFQD9VLxWEeo4Zf,Te Fuite,38,1bsEYSP9Ei6uAdvmdEJ3VL,0.684,0.8859999999999999,2,-4.303999999999999,1,0.109,0.0282,0.0978,0.51,0.629,165.018,205558,4
208,Don Miguelo,58,1noWnd8QFQD9VLxWEeo4Zf,Contigo No Se Me Para,38,1Cx6Bgzr5liVWM6tZfucxE,0.7759999999999999,0.9440000000000001,9,-3.324,0,0.107,0.147,0.00156,0.0534,0.6920000000000001,168.075,260971,4
209,Don Miguelo,58,1noWnd8QFQD9VLxWEeo4Zf,Por Ahí,35,7Gn7oaSvpGZmRB9pKkZtqd,0.768,0.742,1,-6.247000000000001,0,0.0779,0.00942,0.731,0.0802,0.387,139.997,168996,4
210,Sensato,55,7iJrDbKM5fEkGdm5kpjFzS,El Taxi,43,5wTOtQJquKIQmazH73kCCZ,0.862,0.6970000000000001,7,-6.888,1,0.18100000000000002,0.113,0.0,0.0854,0.888,95.021,250200,4
211,Sensato,55,7iJrDbKM5fEkGdm5kpjFzS,Tu Si,42,4tr32xMfaXxToTvGdZM6Ka,0.479,0.915,5,-4.365,0,0.203,0.0206,2.17e-05,0.35600000000000004,0.6579999999999999,156.52100000000002,166440,5
212,Sensato,55,7iJrDbKM5fEkGdm5kpjFzS,El Malo (Remix) [feat. Romeo Santos],40,0wen64xumMyhzU1EUijhny,0.8240000000000001,0.529,1,-7.377000000000001,1,0.24100000000000002,0.298,0.0,0.11199999999999999,0.6779999999999999,99.993,204122,4
213,Sensato,55,7iJrDbKM5fEkGdm5kpjFzS,Tu No Lo Sabe (feat. Padrino Lzf & MelyMel),36,3wezX3pjvVuSkl9qxXxpNq,0.79,0.46399999999999997,6,-7.949,1,0.0915,0.0852,0.0,0.115,0.7290000000000001,126.051,279693,4
214,Sensato,55,7iJrDbKM5fEkGdm5kpjFzS,Crazy People (DJ Buddha Explicit Version),34,1HWxC0zGOkn1MXRMmXR4ma,0.925,0.768,1,-4.553,0,0.271,0.008740000000000001,1.69e-06,0.244,0.887,128.004,196992,4
215,Sensato,55,7iJrDbKM5fEkGdm5kpjFzS,Que Lo Que,32,5PGeKZIUcZVt893oJ5M3Co,0.638,0.8240000000000001,6,-7.843999999999999,1,0.237,0.121,0.0,0.0827,0.873,144.031,234527,4
216,Sensato,55,7iJrDbKM5fEkGdm5kpjFzS,Tu Kiere Ser Tiguere,25,0lZmPXttHliraDdVgW1klp,0.777,0.6829999999999999,6,-6.643,1,0.389,0.0754,0.0,0.0431,0.898,159.986,187314,4
217,Sensato,55,7iJrDbKM5fEkGdm5kpjFzS,Crazy People (Explicit),24,0z8P62aA70gua9Q3rObMcB,0.958,0.6629999999999999,11,-5.462999999999999,0,0.209,0.0037799999999999995,1.33e-06,0.273,0.868,128.007,224180,4
218,Sensato,55,7iJrDbKM5fEkGdm5kpjFzS,Bello,24,1zGOAvoIdprI2abYdTLgtK,0.8540000000000001,0.858,11,-2.323,1,0.147,0.326,0.0,0.0879,0.778,119.928,200640,4
219,Sensato,55,7iJrDbKM5fEkGdm5kpjFzS,No Me Niegue,24,2LFpks6FENDbFwzOoo34Va,0.629,0.985,9,-0.31,0,0.0993,0.0991,2.15e-06,0.0682,0.953,145.965,203442,4
220,Mozart La Para,64,0odliLZMTk45CEVzF3Zocl,Mujeres,65,6xLvYhLOW2oETJoZv8ChU8,0.835,0.767,1,-5.699,0,0.0686,0.204,7.929999999999999e-05,0.261,0.71,99.97200000000001,187667,4
221,Mozart La Para,64,0odliLZMTk45CEVzF3Zocl,"Mujeres (Mozart La Para, Justin Quiles, Farruko, Jowell & Randy) - Remix",63,1AKP5JySgNsr2Y04z1yGHJ,0.81,0.757,1,-5.352,0,0.0599,0.0391,0.000384,0.34600000000000003,0.72,100.00200000000001,236200,4
222,Mozart La Para,64,0odliLZMTk45CEVzF3Zocl,Tu Perro,59,3SNhGCcSEpSyi8ImxmatA5,0.6829999999999999,0.927,4,-2.806,0,0.0874,0.0823,3.66e-06,0.5670000000000001,0.9440000000000001,170.035,156969,4
223,Mozart La Para,64,0odliLZMTk45CEVzF3Zocl,Bye Bye,56,1CFICGHfnZH6tXVKIYtYJp,0.856,0.9590000000000001,4,-0.511,0,0.0537,0.068,0.00144,0.504,0.955,120.052,196747,4
224,Mozart La Para,64,0odliLZMTk45CEVzF3Zocl,Brinquen - Remix,55,4PapVSimy0JvqUU0MoErGg,0.86,0.635,9,-3.9339999999999997,1,0.0742,0.0269,0.0,0.0603,0.389,145.012,291208,4
225,Mozart La Para,64,0odliLZMTk45CEVzF3Zocl,12 A 12,53,51kDLGG90kHSjneUGNPmSy,0.5489999999999999,0.9009999999999999,10,-3.5239999999999996,1,0.337,0.33299999999999996,0.0,0.16899999999999998,0.833,88.59100000000001,190400,5
226,Mozart La Para,64,0odliLZMTk45CEVzF3Zocl,De Tranquilote - Remix,52,6v0TPwv96FHmd4qXnGMqDK,0.716,0.73,2,-5.926,1,0.0699,0.12,0.0,0.0752,0.888,79.916,180989,4
227,Mozart La Para,64,0odliLZMTk45CEVzF3Zocl,Pa' Que Sufran,49,7B0eMeHAMbxbCTamE5us8J,0.716,0.632,7,-7.595,1,0.188,0.281,0.0,0.0617,0.758,192.12400000000002,199000,4
228,Mozart La Para,64,0odliLZMTk45CEVzF3Zocl,Los Patrones,41,3XZAJFdEANpxSH7tH7p2RG,0.909,0.905,1,-5.516,1,0.11,0.645,0.0225,0.669,0.736,118.05,289677,4
229,Mozart La Para,64,0odliLZMTk45CEVzF3Zocl,El Coribiri,47,52LavlE6CvrGJ3jEmJmkOu,0.8170000000000001,0.8190000000000001,4,-4.14,0,0.207,0.182,7.15e-06,0.155,0.649,108.01,183200,4
230,Lirico En La Casa,67,1Vr7DTbtTpOp4tn4hAGOYo,Subete,69,6CWMm2mJOrKyDH4W1X5d06,0.888,0.8640000000000001,10,-2.11,0,0.127,0.609,2.07e-05,0.106,0.77,115.96,224019,4
231,Lirico En La Casa,67,1Vr7DTbtTpOp4tn4hAGOYo,Marianela,64,1xvnyke6EOVGi8jmFLDsTN,0.831,0.7609999999999999,8,-6.944,1,0.0579,0.214,0.0219,0.0615,0.7929999999999999,117.009,186723,4
232,Lirico En La Casa,67,1Vr7DTbtTpOp4tn4hAGOYo,Muevelo,64,26z79TvxoPoK0B9bq9zn4c,0.63,0.905,3,-5.093999999999999,1,0.21100000000000002,0.168,1.8000000000000001e-06,0.11699999999999999,0.8959999999999999,118.051,203442,4
233,Lirico En La Casa,67,1Vr7DTbtTpOp4tn4hAGOYo,El Motorcito,63,1c89Peahzqvhcs9UtiT879,0.904,0.723,10,-7.841,1,0.115,0.0575,0.145,0.308,0.826,118.014,169293,4
234,Lirico En La Casa,67,1Vr7DTbtTpOp4tn4hAGOYo,Mojadero,61,5uNOpdHMpFV9RxZ0qgNGcD,0.736,0.96,11,-3.835,0,0.0533,0.0545,0.163,0.24,0.833,117.014,235897,4
235,Lirico En La Casa,67,1Vr7DTbtTpOp4tn4hAGOYo,El Motorcito - Remix,56,4kY5HMYgRgvHkdGtpdXcAs,0.887,0.87,10,-5.341,1,0.0644,0.131,0.0032,0.13,0.899,118.007,211000,4
236,Lirico En La Casa,67,1Vr7DTbtTpOp4tn4hAGOYo,5 Mujeres,55,12IF1N3EbqgvRZweMJHAVO,0.797,0.9420000000000001,1,-1.943,1,0.139,0.5489999999999999,1.47e-05,0.27399999999999997,0.8320000000000001,120.038,209000,4
237,Lirico En La Casa,67,1Vr7DTbtTpOp4tn4hAGOYo,La Resbalosa,55,7i4AXtCkZJXbJFBIUiyzhy,0.807,0.9279999999999999,11,-3.177,0,0.152,0.172,0.00271,0.348,0.9179999999999999,122.01299999999999,207960,4
238,Lirico En La Casa,67,1Vr7DTbtTpOp4tn4hAGOYo,Prendi,47,38FFVJJUFMn0D5jS2H32FH,0.8340000000000001,0.925,6,-1.7830000000000001,0,0.0707,0.5529999999999999,0.0152,0.23399999999999999,0.7979999999999999,117.98700000000001,205893,4
239,Lirico En La Casa,67,1Vr7DTbtTpOp4tn4hAGOYo,Brum Brum,47,4HTCabvW8ANhqDkDexedzE,0.903,0.873,1,-6.8,1,0.0856,0.27,1.1400000000000001e-05,0.268,0.897,117.958,172878,4
240,Liro Shaq,55,3oOJYwLB8FGSKYOQ5zx7Kk,Esa Flaca,57,7ovS5qI1vRYvcjG5jDh09a,0.871,0.943,6,0.985,1,0.0971,0.316,0.0263,0.0746,0.718,123.98200000000001,191660,4
241,Liro Shaq,55,3oOJYwLB8FGSKYOQ5zx7Kk,Ven - Remix,51,34DEq4NjmD2V5OOfUhVbwf,0.925,0.8909999999999999,6,-2.6489999999999996,1,0.0705,0.28800000000000003,1.9e-05,0.0449,0.9420000000000001,124.06200000000001,184398,4
242,Liro Shaq,55,3oOJYwLB8FGSKYOQ5zx7Kk,Ven,47,2edWJMHnqmf9RnLKcLfKes,0.879,0.9390000000000001,6,-2.017,0,0.0498,0.19399999999999998,0.000602,0.259,0.961,124.037,169404,4
243,Liro Shaq,55,3oOJYwLB8FGSKYOQ5zx7Kk,La Peluca,47,7AxEtufMoqGZNXpBNDidB9,0.9179999999999999,0.748,10,-3.318,1,0.0611,0.105,0.000229,0.0651,0.846,121.993,178573,4
244,Liro Shaq,55,3oOJYwLB8FGSKYOQ5zx7Kk,Hay Problema,44,0tONGbNBS0rXrskRP8HT3U,0.826,0.866,2,-3.287,0,0.078,0.10099999999999999,0.000359,0.0586,0.9640000000000001,129.99200000000002,164336,4
245,Liro Shaq,55,3oOJYwLB8FGSKYOQ5zx7Kk,Pin Pon,41,31TbxlC1DooqeAK547rnMD,0.904,0.85,1,-3.335,1,0.0525,0.0815,6.13e-05,0.0908,0.595,117.992,196702,4
246,Liro Shaq,55,3oOJYwLB8FGSKYOQ5zx7Kk,Pa Que Aguante Eta,43,1zdPE06w06CYsHFO4S4FnX,0.635,0.9390000000000001,3,-3.35,1,0.14300000000000002,0.132,0.0001,0.247,0.83,126.976,181577,4
247,Liro Shaq,55,3oOJYwLB8FGSKYOQ5zx7Kk,Guayabu,41,7nlUPqJJ4LE1vYb5BXt2tT,0.909,0.8420000000000001,9,-2.7230000000000003,1,0.0613,0.10400000000000001,0.0,0.185,0.855,120.006,182544,4
248,Liro Shaq,55,3oOJYwLB8FGSKYOQ5zx7Kk,En Papel de Regalo,40,67onFaW8i95edbn90nRo8d,0.8220000000000001,0.8959999999999999,6,-3.9019999999999997,1,0.0566,0.158,0.13699999999999998,0.0823,0.715,120.046,170444,4
249,Liro Shaq,55,3oOJYwLB8FGSKYOQ5zx7Kk,Me Voy,38,7LplbuDlZWbSDXiLjK846s,0.9309999999999999,0.748,4,-4.2780000000000005,0,0.0872,0.13699999999999998,0.000533,0.0679,0.961,121.994,175125,4
250,El Super Nuevo,51,3hWKGRKwr78bhxvErSJBdu,Superman Sin Capa,51,7enqOzlUkUH0M1tHYwRTYO,0.88,0.9059999999999999,4,-1.4609999999999999,0,0.0809,0.0992,1.26e-05,0.136,0.5429999999999999,115.01899999999999,230258,4
251,El Super Nuevo,51,3hWKGRKwr78bhxvErSJBdu,La Envidia,47,4iSS8RdAykVEpJY5pbjwQH,0.8909999999999999,0.585,10,-3.572,0,0.345,0.0758,1.28e-05,0.654,0.13,118.03200000000001,194795,4
252,El Super Nuevo,51,3hWKGRKwr78bhxvErSJBdu,Bora Bora,46,7zORehpxrrwAyrLzOkUSX5,0.606,0.8440000000000001,7,-4.234,1,0.303,0.0998,0.000455,0.31,0.636,150.306,169587,5
253,El Super Nuevo,51,3hWKGRKwr78bhxvErSJBdu,#Deputamadre,45,2YP8yaq7kdVD7Yq3bVyoi6,0.821,0.7440000000000001,1,-6.557,0,0.11699999999999999,0.17800000000000002,1.27e-06,0.0707,0.762,92.01899999999999,166752,4
254,El Super Nuevo,51,3hWKGRKwr78bhxvErSJBdu,Debarata,41,6GIYQislFlJUJFYHG7Fijl,0.531,0.855,6,-6.771,1,0.184,0.0545,0.785,0.10400000000000001,0.946,153.27200000000002,201080,3
255,El Super Nuevo,51,3hWKGRKwr78bhxvErSJBdu,Te Lo Vamo a Da,40,15TcdGsX08XSZ4B8hXN2sy,0.871,0.9129999999999999,10,-1.815,0,0.12300000000000001,0.413,1.32e-05,0.0525,0.877,117.99,195734,4
256,El Super Nuevo,51,3hWKGRKwr78bhxvErSJBdu,Cuando Bebo,39,7HEEmTfwfM56sSZd6glbZH,0.846,0.904,11,0.159,0,0.19,0.0197,0.0,0.46799999999999997,0.736,117.014,234373,4
257,El Super Nuevo,51,3hWKGRKwr78bhxvErSJBdu,"Super Sin Capa (Remix) [feat. Secreto El Famoso Bibero, Lirico En La Casa, Musicologo & Bulova]",39,5EAzOhzM3pEnfASMteI0Zo,0.871,0.7390000000000001,11,-6.956,1,0.0617,0.0314,3.45e-05,0.124,0.303,115.059,313728,4
258,El Super Nuevo,51,3hWKGRKwr78bhxvErSJBdu,Pegamelo,37,4uXnOZ4NA3yMRnTOIvOB78,0.604,0.8809999999999999,1,-2.028,1,0.12300000000000001,0.135,0.000151,0.645,0.9179999999999999,120.012,149433,4
259,El Super Nuevo,51,3hWKGRKwr78bhxvErSJBdu,De Boca,34,2VaYsYUBZZfj8nLyQxnGCs,0.85,0.924,1,-2.681,1,0.0785,0.109,0.0038299999999999996,0.33,0.9109999999999999,119.01899999999999,183535,4
260,Amara La Negra,47,6cdcTRFv0nFBQZPmTLWhRh,What a Bam Bam,45,0l6REfKf0k4aX5UsLIXEhe,0.812,0.7490000000000001,0,-3.554,1,0.04,0.17800000000000002,0.0,0.0769,0.502,104.04700000000001,188973,4
261,Amara La Negra,47,6cdcTRFv0nFBQZPmTLWhRh,Insecure,37,1WRXkAyxiHGMIwfay2oNCB,0.483,0.685,10,-3.2319999999999998,0,0.174,0.369,0.0,0.0817,0.546,185.502,191907,4
262,Amara La Negra,47,6cdcTRFv0nFBQZPmTLWhRh,Celebra (feat. Messiah),28,3QPbeGHUNRwQ6105TXxOKT,0.703,0.705,6,-4.91,0,0.11,0.125,0.0,0.2,0.5539999999999999,104.66799999999999,232933,4
263,Amara La Negra,47,6cdcTRFv0nFBQZPmTLWhRh,Balloons,34,5ZB9tmvoSNYDoogZUES5bl,0.588,0.914,9,-5.088,0,0.324,0.14,0.000193,0.0286,0.79,120.999,201053,4
264,Amara La Negra,47,6cdcTRFv0nFBQZPmTLWhRh,Se Que Soy,31,4ooiBtUGwntacxCef7LAPS,0.7709999999999999,0.7559999999999999,6,-6.811,0,0.141,0.113,0.0,0.0743,0.515,176.00099999999998,211040,4
265,Amara La Negra,47,6cdcTRFv0nFBQZPmTLWhRh,There's No Way,30,5T56yynriYCiX1Qnas0Cyp,0.8420000000000001,0.8340000000000001,7,-7.069,0,0.0649,0.0836,0.000123,0.0997,0.871,93.988,165957,4
266,Amara La Negra,47,6cdcTRFv0nFBQZPmTLWhRh,"Ayy (with Jowell & Randy, Fuego, El Negro 5 Estrellas, Ricky Lindo & Doble T Y El Crok Los Pepes) - EDB Original Mix",28,5tWN4Msieh8dlafzulfXAk,0.868,0.823,1,-5.843999999999999,1,0.237,0.0809,4.05e-06,0.35,0.711,129.96,363987,4
267,Amara La Negra,47,6cdcTRFv0nFBQZPmTLWhRh,Don't Do It,22,1L43RxEjAXTvSQoQdRBETS,0.898,0.958,6,-5.632999999999999,0,0.28300000000000003,0.15,3.74e-06,0.648,0.607,133.018,158613,4
268,Amara La Negra,47,6cdcTRFv0nFBQZPmTLWhRh,Dutty Wine,20,5xRCm3d8IlbrdOabaD9QiL,0.555,0.725,1,-6.648,0,0.075,0.0665,0.0,0.0926,0.5479999999999999,98.976,153574,4
269,Amara La Negra,47,6cdcTRFv0nFBQZPmTLWhRh,Otro Amor (Remix),19,2kItnxFZAvtGi0KHQxElUL,0.7559999999999999,0.976,6,-3.068,0,0.0628,0.395,0.00911,0.311,0.887,125.984,226325,4
270,Bulova,61,6NAhbfEqeWELwfjH391Vz0,"Hoy Me Desacato (Dale Pipo Remix) (feat. Nacho, Noriel & El Alfa)",63,6oCZE1hdCEac5NnqMUotjh,0.9179999999999999,0.885,1,-3.844,1,0.0666,0.115,0.0,0.226,0.8190000000000001,119.95700000000001,310047,4
271,Bulova,61,6NAhbfEqeWELwfjH391Vz0,Dando,57,0kEzIodWrEDtpKS0EYI99X,0.7909999999999999,0.691,7,-7.505,1,0.0595,0.013999999999999999,0.0,0.159,0.6579999999999999,116.984,193974,4
272,Bulova,61,6NAhbfEqeWELwfjH391Vz0,Ven - Remix,51,34DEq4NjmD2V5OOfUhVbwf,0.925,0.8909999999999999,6,-2.6489999999999996,1,0.0705,0.28800000000000003,1.9e-05,0.0449,0.9420000000000001,124.06200000000001,184398,4
273,Bulova,61,6NAhbfEqeWELwfjH391Vz0,Los Pomposo,49,6VrOzFtjAylmaRV5OsCFeo,0.9,0.774,8,-4.31,1,0.11800000000000001,0.09699999999999999,8.52e-06,0.27899999999999997,0.784,125.00200000000001,164165,4
274,Bulova,61,6NAhbfEqeWELwfjH391Vz0,Hoy Me Desacato,48,7AjhX1xGxAaaogwOchMGU0,0.929,0.738,10,-4.297,0,0.115,0.102,0.0,0.19,0.759,120.01100000000001,162534,4
275,Bulova,61,6NAhbfEqeWELwfjH391Vz0,Siga Boyando,47,3pfmXyxD0SzpVVMjK57x1r,0.629,0.883,1,-4.882,1,0.25,0.248,0.00017900000000000001,0.32899999999999996,0.6,134.641,250510,4
276,Bulova,61,6NAhbfEqeWELwfjH391Vz0,Mente de Pecao - Remix,46,7uyM5A5BWpLB6n0z1maIon,0.815,0.8140000000000001,1,-3.891,1,0.13,0.41,0.000368,0.575,0.774,106.09299999999999,200088,4
277,Bulova,61,6NAhbfEqeWELwfjH391Vz0,Prende,45,6quVCnxdU0UJR9MvErl0eG,0.892,0.6629999999999999,7,-7.688,1,0.16,0.00967,0.122,0.0631,0.434,119.99700000000001,182500,4
278,Bulova,61,6NAhbfEqeWELwfjH391Vz0,Dale Su Banda (feat. Chimbala),43,2QUJUWfD2Ko6bMi4h0RkiT,0.816,0.903,2,-2.318,1,0.11599999999999999,0.4,0.0,0.10300000000000001,0.7879999999999999,115.185,187298,4
279,Bulova,61,6NAhbfEqeWELwfjH391Vz0,Baila,43,1TaUwFWotv4lfu2E78BxPd,0.912,0.831,1,-3.562,1,0.0826,0.0651,0.0,0.0373,0.905,120.02799999999999,166060,4
280,Crazy Design,50,3rQXUpppnyxRkQNxoLFtUV,Dejen Su Loquera,57,0cRdPQhJwgKl2NEvtjUaz7,0.846,0.8740000000000001,2,-2.998,1,0.141,0.0409,0.0048,0.359,0.8440000000000001,115.941,177972,4
281,Crazy Design,50,3rQXUpppnyxRkQNxoLFtUV,El Carton,51,68QTlXvLrJp3wtP57QSjfg,0.935,0.7709999999999999,11,-2.479,1,0.132,0.0414,0.0012,0.845,0.8440000000000001,132.076,195892,4
282,Crazy Design,50,3rQXUpppnyxRkQNxoLFtUV,Tembeleke,45,3xULsKQSIkr16oORbAnKxu,0.888,0.7120000000000001,10,-6.322,0,0.127,0.0476,0.0342,0.0479,0.5489999999999999,130.989,196031,4
283,Crazy Design,50,3rQXUpppnyxRkQNxoLFtUV,Ella Eh!,41,23iuxSWGOfiAhuIK6SjFoS,0.841,0.8140000000000001,4,-4.909,0,0.0807,0.0173,0.0272,0.35,0.7759999999999999,119.006,161347,4
284,Crazy Design,50,3rQXUpppnyxRkQNxoLFtUV,Te Fuite,38,1bsEYSP9Ei6uAdvmdEJ3VL,0.684,0.8859999999999999,2,-4.303999999999999,1,0.109,0.0282,0.0978,0.51,0.629,165.018,205558,4
285,Crazy Design,50,3rQXUpppnyxRkQNxoLFtUV,La Pampara Navideña 2019,33,4FiChqPkftUVeZYDXA8VBq,0.89,0.659,11,-8.773,0,0.198,0.00614,0.0,0.521,0.758,119.99600000000001,362057,4
286,Crazy Design,50,3rQXUpppnyxRkQNxoLFtUV,Yo No Queria Engañarte,32,5OMhbKgpYz1jKEqRU9kfzm,0.596,0.805,8,-3.41,1,0.14,0.223,0.0,0.28300000000000003,0.701,86.305,185462,4
287,Crazy Design,50,3rQXUpppnyxRkQNxoLFtUV,La Lipo,24,5iSYX7LcCEr4VWTJLuTLfa,0.8109999999999999,0.831,0,-2.543,1,0.069,0.114,0.0,0.142,0.9,101.016,216294,4
288,Crazy Design,50,3rQXUpppnyxRkQNxoLFtUV,Baile Del Bikini,23,5Sx7IJpAbWcFb02HXTTCcX,0.7759999999999999,0.635,10,-7.745,0,0.0693,0.36200000000000004,0.00921,0.0662,0.703,110.012,165818,4
289,Crazy Design,50,3rQXUpppnyxRkQNxoLFtUV,Sacala Pa Ve,23,5jwkujpQcv9EyqQGDgi4bL,0.613,0.5670000000000001,11,-5.843,0,0.187,0.0354,0.00125,0.11699999999999999,0.836,150.344,169038,5
290,MelyMel,41,4tM8sp8yDce3Km1pYHQb6Y,Donde Están,41,58SUXI4rmBCfNkQEk9kbsh,0.748,0.74,0,-5.072,1,0.179,0.085,0.0,0.0885,0.648,92.00200000000001,266292,4
291,MelyMel,41,4tM8sp8yDce3Km1pYHQb6Y,Se Te Apago La Luz,37,01x1x08CxWHLBl6YxZMf0z,0.53,0.753,11,-6.939,0,0.233,0.465,0.0,0.24600000000000002,0.5579999999999999,148.892,207200,4
292,MelyMel,41,4tM8sp8yDce3Km1pYHQb6Y,Salgo Sola (feat. Mestiza),36,5YRPfgu3cwVZO2p0SRcb92,0.893,0.639,2,-5.251,1,0.21600000000000003,0.14400000000000002,0.00863,0.0447,0.341,122.045,200656,4
293,MelyMel,41,4tM8sp8yDce3Km1pYHQb6Y,Capea el Dough 2k14,35,7kIP60tCZ6XlAtSbJjGlhU,0.735,0.78,0,-6.154,1,0.381,0.337,0.0,0.349,0.826,98.057,707595,4
294,MelyMel,41,4tM8sp8yDce3Km1pYHQb6Y,Capea El Dough 2k17,33,3SOY1DKorxsNPreFiuPwZ1,0.769,0.86,0,-3.341,1,0.375,0.345,0.0,0.65,0.833,98.044,370338,4
295,MelyMel,41,4tM8sp8yDce3Km1pYHQb6Y,Me Quiere a Mi (feat. Heidy Brown),31,1DiYU1iQR0bJjQ8Y9faBa8,0.782,0.5589999999999999,1,-5.6370000000000005,1,0.113,0.0235,0.0,0.0813,0.965,140.001,229069,4
296,MelyMel,41,4tM8sp8yDce3Km1pYHQb6Y,E'te Niño,29,5EeXNlEZeoherDmWAr3Nkl,0.7190000000000001,0.314,9,-12.251,1,0.34299999999999997,0.502,4.81e-06,0.11,0.486,177.97799999999998,173933,4
297,MelyMel,41,4tM8sp8yDce3Km1pYHQb6Y,Cuando Salimos,29,0SnLkO6RfRabs9WPLnP20P,0.858,0.655,1,-5.898,1,0.18899999999999997,0.27899999999999997,0.00022999999999999998,0.106,0.49200000000000005,136.945,200584,4
298,MelyMel,41,4tM8sp8yDce3Km1pYHQb6Y,Si No Te Amara,24,0Wgh1XUbVf2Hd5DdIeRgff,0.915,0.674,11,-3.627,0,0.0468,0.366,6.49e-06,0.18600000000000003,0.687,127.03399999999999,199842,4
299,MelyMel,41,4tM8sp8yDce3Km1pYHQb6Y,IDGAF,25,3wsmLKP2S3BG4xLoAeLVaI,0.851,0.48200000000000004,1,-9.836,0,0.16,0.0334,0.0019100000000000002,0.0859,0.5,142.007,156433,4
300,El Chuape,40,0cXz4Jkhb32ehDe3No7oF9,Ponme to Eso Pa Lante,46,7HNX5ap83jCLeWODW6CU2m,0.9229999999999999,0.9279999999999999,10,-1.624,0,0.0977,0.384,0.0148,0.321,0.562,113.01700000000001,167787,4
301,El Chuape,40,0cXz4Jkhb32ehDe3No7oF9,La Malondra (Bella Ciao),41,2Du0czDUGHDzOUQdgmGtnL,0.963,0.594,2,-5.337000000000001,0,0.26899999999999996,0.0578,0.0,0.0938,0.93,129.946,157431,4
302,El Chuape,40,0cXz4Jkhb32ehDe3No7oF9,Pompi Pa Atra,35,0McSaca6iqz8c8Npd3xcRt,0.8690000000000001,0.703,8,-4.595,1,0.0695,0.10099999999999999,0.00465,0.155,0.768,127.992,146511,4
303,El Chuape,40,0cXz4Jkhb32ehDe3No7oF9,Al Final Pa' Que,32,3iLJ7ow6gwX33qU9KPbFbS,0.919,0.695,4,-7.415,0,0.153,0.0533,0.002,0.0682,0.764,119.979,192168,4
304,El Chuape,40,0cXz4Jkhb32ehDe3No7oF9,Cual Es Tu Coro,30,7ImY7rQI4nTJbfryeGpoj7,0.914,0.672,0,-6.064,1,0.151,0.0223,0.00555,0.18100000000000002,0.395,109.921,207520,4
305,El Chuape,40,0cXz4Jkhb32ehDe3No7oF9,Llegale a Lo Codigo,25,5Yc6RFntdrthCCVxufTMB4,0.9390000000000001,0.884,0,-1.127,1,0.146,0.0261,8.540000000000002e-05,0.109,0.96,115.07,179576,4
306,El Chuape,40,0cXz4Jkhb32ehDe3No7oF9,Envidia,24,10VoBA1TnZ9z4h9Y079aH0,0.83,0.823,11,-4.052,1,0.0531,0.0321,2.54e-05,0.0706,0.845,122.98299999999999,191219,4
307,El Chuape,40,0cXz4Jkhb32ehDe3No7oF9,Maquinita de Coser,23,5ceBiIckwhWQKOSm48pZsk,0.879,0.733,4,-6.085,0,0.0926,0.000454,0.12300000000000001,0.11900000000000001,0.613,111.99799999999999,203778,4
308,El Chuape,40,0cXz4Jkhb32ehDe3No7oF9,Galactico,22,2qeyFMCqIQfcg9Nu77jBTX,0.94,0.8220000000000001,7,-2.8280000000000003,1,0.193,0.244,5.3400000000000004e-05,0.853,0.6729999999999999,116.993,180144,4
309,El Chuape,40,0cXz4Jkhb32ehDe3No7oF9,Tu No Sabe de Eso,21,14vjDzzcssOoPYDHTDLSgQ,0.894,0.8420000000000001,11,-2.265,0,0.195,0.0963,7.92e-06,0.0869,0.8959999999999999,118.03399999999999,198096,4
310,Bulin 47,55,4J0m1OquRGY8HYHxMocXfy,Deja De Hablar De Mí,53,3HJTnmKDiitSKMPmCEYHQT,0.953,0.581,7,-4.383,1,0.243,0.017,8.94e-05,0.17,0.8740000000000001,122.02799999999999,200667,4
311,Bulin 47,55,4J0m1OquRGY8HYHxMocXfy,Rapidito,52,3ZJ1F8QrGVN6uz9HTF4Mrg,0.887,0.82,11,-3.449,1,0.21600000000000003,0.213,0.0,0.16899999999999998,0.6779999999999999,107.961,170000,4
312,Bulin 47,55,4J0m1OquRGY8HYHxMocXfy,Domingo,48,5PeheEgPSODBOxPDO4a6QD,0.956,0.7609999999999999,10,-2.702,0,0.23,0.11,3.3100000000000005e-05,0.133,0.602,120.04299999999999,178026,4
313,Bulin 47,55,4J0m1OquRGY8HYHxMocXfy,La Envidia,47,4iSS8RdAykVEpJY5pbjwQH,0.8909999999999999,0.585,10,-3.572,0,0.345,0.0758,1.28e-05,0.654,0.13,118.03200000000001,194795,4
314,Bulin 47,55,4J0m1OquRGY8HYHxMocXfy,Que Me Diran,47,7u7wa5ElLqFlunGtvUniJv,0.885,0.769,1,-3.04,1,0.0795,0.0482,0.000196,0.607,0.76,109.965,185212,4
315,Bulin 47,55,4J0m1OquRGY8HYHxMocXfy,El Mudo - Remix,46,6NFYM779eoWZ59OOMi1qLp,0.917,0.823,1,-3.572,1,0.0764,0.185,0.000168,0.223,0.9259999999999999,107.016,234953,4
316,Bulin 47,55,4J0m1OquRGY8HYHxMocXfy,A Caco,40,3xs7dWQGp8HujcFjsK5vEU,0.9159999999999999,0.804,7,-2.97,1,0.10400000000000001,0.00562,0.0,0.0627,0.754,114.99799999999999,178467,4
317,Bulin 47,55,4J0m1OquRGY8HYHxMocXfy,Te Siento En Para,36,622NSQy3ZLW4MtimvW1NlN,0.6940000000000001,0.863,1,-4.0680000000000005,1,0.289,0.0158,0.000273,0.0695,0.938,122.059,198653,4
318,Bulin 47,55,4J0m1OquRGY8HYHxMocXfy,Pucutu,36,698fThuOjyr2R3UbtQZWbB,0.862,0.815,1,-3.9789999999999996,1,0.22699999999999998,0.0538,0.000792,0.10800000000000001,0.57,115.91,165533,4
319,Bulin 47,55,4J0m1OquRGY8HYHxMocXfy,7 Pollos,35,6OBOhtOzzUMHPf018Hoe3z,0.976,0.8009999999999999,7,-3.5589999999999997,1,0.145,0.282,0.0,0.66,0.927,110.786,166870,4
320,Milka La Mas Dura,28,2wuNyo4CINVCrIdbEi5dGP,No Me Llames,30,6s56PS9FOe9yJB5ti3IULQ,0.8340000000000001,0.836,4,-3.966,0,0.0557,0.03,1.06e-05,0.0742,0.41600000000000004,95.008,207164,4
321,Milka La Mas Dura,28,2wuNyo4CINVCrIdbEi5dGP,No Ando En Eso,20,3P61fZmS6nZ2q48wlVmDfb,0.8490000000000001,0.8390000000000001,10,-3.263,0,0.0633,0.0371,0.000161,0.138,0.76,100.015,198000,4
322,Milka La Mas Dura,28,2wuNyo4CINVCrIdbEi5dGP,Aprieta,20,7j5M97yPZaT0QK2pNMtkt8,0.885,0.863,6,-2.7039999999999997,1,0.09300000000000001,0.23199999999999998,2.35e-06,0.109,0.897,122.014,151498,4
323,Milka La Mas Dura,28,2wuNyo4CINVCrIdbEi5dGP,Sola,19,24Uz5JgGHiZou1f0NtJkHn,0.88,0.634,7,-2.799,1,0.126,0.256,0.000719,0.13,0.608,101.992,188254,4
324,Milka La Mas Dura,28,2wuNyo4CINVCrIdbEi5dGP,Papi Que Bueno Tu Ta (feat. La Materialista & Arcangel),18,2WZIvIyZUGLFykt013hHim,0.875,0.6579999999999999,7,-9.176,1,0.11699999999999999,0.121,0.000646,0.22399999999999998,0.65,119.969,228049,4
325,Milka La Mas Dura,28,2wuNyo4CINVCrIdbEi5dGP,Volver,17,24De67pxeQCQJuytNtlENI,0.77,0.62,1,-4.896,0,0.259,0.0789,0.0,0.0482,0.628,87.889,199098,4
326,Milka La Mas Dura,28,2wuNyo4CINVCrIdbEi5dGP,Te Bote,16,6ZFx2C4riGUcU1sE68MRSP,0.8270000000000001,0.7090000000000001,9,-5.982,0,0.0904,0.218,0.00727,0.768,0.69,130.013,187155,4
327,Milka La Mas Dura,28,2wuNyo4CINVCrIdbEi5dGP,A Tu Nombre,16,7KuqjGohhHlpm7qwG51Vh6,0.929,0.466,9,-7.665,0,0.187,0.132,0.0,0.10800000000000001,0.595,121.969,190835,4
328,Milka La Mas Dura,28,2wuNyo4CINVCrIdbEi5dGP,La Para,16,40lJHRF8s8TxAbL89y4TM5,0.7120000000000001,0.7559999999999999,8,-6.439,0,0.29,0.0113,5.379999999999999e-05,0.0652,0.594,173.942,204187,4
329,Milka La Mas Dura,28,2wuNyo4CINVCrIdbEi5dGP,Dale Ven Ven,15,6Kpz90O7VP8nXlbFNFd4YB,0.877,0.8590000000000001,2,-3.409,1,0.10300000000000001,0.496,0.0,0.14300000000000002,0.882,104.721,193686,4
330,Ceky Vicini,31,3bvJVf4qi3TWELHC6vDvpY,Toy en Alta,24,1lrRORX91fHHThZ3g1bjVi,0.935,0.8,7,-0.94,1,0.248,0.0719,6.95e-06,0.0636,0.631,120.02,198000,4
331,Carlitos Way,26,5QZXZIHEGF2YgObSocvJYa,"Way, Way - Live",15,7w6Zp6MmSnJVaHWBQk1rvd,0.6970000000000001,0.9520000000000001,5,-3.52,1,0.066,0.5760000000000001,0.0,0.22899999999999998,0.627,94.984,184360,4
332,Carlitos Way,26,5QZXZIHEGF2YgObSocvJYa,Pura Mentira,11,0TeJWlIVYTszJPoxho8lxk,0.703,0.875,0,-7.131,1,0.0461,0.204,2.6e-06,0.218,0.88,95.98700000000001,168789,4
333,Carlitos Way,26,5QZXZIHEGF2YgObSocvJYa,Cuidales,0,5hFFPjCCd10X0AiMmCrz11,0.47,0.833,8,-5.559,1,0.358,0.111,0.0,0.23199999999999998,0.8109999999999999,66.822,208001,3
334,Carlitos Way,26,5QZXZIHEGF2YgObSocvJYa,Revenge,0,0IFIl0X7qh4Repxv64lDhM,0.873,0.732,11,-3.826,1,0.0608,0.00246,0.0,0.0941,0.298,90.029,163133,4
335,Carlitos Way,26,5QZXZIHEGF2YgObSocvJYa,Look In My Direction,0,2VzJGlJiLQ9cNlCeRW0t0K,0.298,0.9390000000000001,2,-4.32,1,0.0926,2.92e-06,0.0292,0.0626,0.375,132.468,105693,4
336,Mr Manyao,19,5AYkvr6cXZ3jqthh9mKqZU,"Envidioso Remix (feat. Atomic, Quimico, Fuego, Black Point, Paramba & Mr Saik)",22,1KeeQAFqkBfeTnBWMLKYcT,0.8109999999999999,0.87,4,-4.063,0,0.11699999999999999,0.127,0.0,0.126,0.623,115.055,300069,4
337,Mr Manyao,19,5AYkvr6cXZ3jqthh9mKqZU,Oye Menor,19,16Xke0EaJ38lUIdCm35jf7,0.9490000000000001,0.831,11,-6.545,0,0.13699999999999998,0.0009609999999999999,0.000106,0.8759999999999999,0.731,105.059,212480,4
338,Mr Manyao,19,5AYkvr6cXZ3jqthh9mKqZU,Rapa Encondio - Dirty Mix,19,2KjkMP8Yae3Mcz0xQMO02o,0.847,0.8170000000000001,1,-6.195,1,0.212,0.0414,4.76e-06,0.0487,0.7929999999999999,129.986,199960,4
339,Mr Manyao,19,5AYkvr6cXZ3jqthh9mKqZU,Llego y Mato,18,524FN8Xb023YHPseKpbmxR,0.818,0.892,6,-5.001,0,0.109,0.146,0.000165,0.107,0.45899999999999996,112.037,225048,4
340,Mr Manyao,19,5AYkvr6cXZ3jqthh9mKqZU,Capea el Dembow,18,4bEbXXPY4ANpfZtpk03r8k,0.795,0.688,0,-6.7989999999999995,1,0.109,0.0506,0.0,0.0735,0.6,115.031,394919,4
341,Mr Manyao,19,5AYkvr6cXZ3jqthh9mKqZU,Piedra A La Luna,10,27L7GBQRX3s8hwyjU4xIuU,0.9229999999999999,0.9309999999999999,7,-3.361,1,0.17600000000000002,0.0147,0.0,0.0562,0.672,112.053,172440,4
342,Mr Manyao,19,5AYkvr6cXZ3jqthh9mKqZU,Goza Encondio (with H2) - Clean Mix,7,5i7K6cACGKrHAM8x3xNj1O,0.674,0.69,1,-7.965,1,0.418,0.0605,3.4399999999999996e-05,0.0533,0.75,110.601,199457,1
343,Mr Manyao,19,5AYkvr6cXZ3jqthh9mKqZU,Dale Con El Culo (feat. El Jacool),2,7Hh4iyKFrQTE4i7u0Mb0q0,0.9159999999999999,0.609,9,-5.287000000000001,0,0.267,0.135,0.002,0.336,0.589,105.03399999999999,201195,4
344,Mr Manyao,19,5AYkvr6cXZ3jqthh9mKqZU,No Quiero Coro Con Grillo,1,4P4hSY2TiAsH3Ynn1SiPN2,0.9520000000000001,0.986,6,-3.077,1,0.12,0.0124,2.23e-05,0.34,0.721,115.97,165564,4
345,Mr Manyao,19,5AYkvr6cXZ3jqthh9mKqZU,Tu Le Daria,1,6zLjZteHJDckOEm4Dz8dtY,0.653,0.7929999999999999,4,-5.005,0,0.36700000000000005,0.0214,6.32e-06,0.115,0.575,148.512,176848,5
